user_id,firstName,lastName,email,sex,age,country,dateCreated,TestGroup,Invided_By_ID
0,Glokira,Kyris,Glokira.Kyris@upc.edu,F,35,Norway,"2020-01-02 00:00:00",A,-1
1,Erodil,Beran,Erodil.Beran@upc.edu,M,31,Norway,"2020-01-02 00:00:00",A,-1
2,Bethisera,Bethenen,Bethisera.Bethenen@upc.edu,F,32,Norway,"2020-01-03 00:00:00",A,-1
3,Elygawen,Edralian,Elygawen.Edralian@upc.edu,F,29,Norway,"2020-01-03 00:00:00",B,-1
4,Beriyaldir,Edressar,Beriyaldir.Edressar@upc.edu,M,32,Norway,"2020-01-04 00:00:00",A,-1
5,Dagygovon,Manor,Dagygovon.Manor@upc.edu,M,19,Norway,"2020-01-04 00:00:00",A,-1
6,Layedhethra,Arelu,Layedhethra.Arelu@upc.edu,F,37,Norway,"2020-01-05 00:00:00",A,-1
7,Hanedunaran,Ianor,Hanedunaran.Ianor@upc.edu,M,34,Norway,"2020-01-05 00:00:00",B,-1
8,Islaldamina,Karan,Islaldamina.Karan@upc.edu,F,21,Bulgaria,"2020-01-08 00:00:00",A,-1
9,Gorakalthogorn,Aror,Gorakalthogorn.Aror@upc.edu,M,27,Bulgaria,"2020-01-08 00:00:00",B,-1
10,Islyrelaith,Miralis,Islyrelaith.Miralis@upc.edu,F,36,Bulgaria,"2020-01-08 00:00:00",A,-1
11,Gilyromidin,Vanai,Gilyromidin.Vanai@upc.edu,M,32,Bulgaria,"2020-01-08 00:00:00",A,-1
12,Delorim,Tsiris,Delorim.Tsiris@upc.edu,M,31,Bulgaria,"2020-01-08 00:00:00",A,-1
13,Emotta,Varen,Emotta.Varen@upc.edu,F,34,Bulgaria,"2020-01-08 00:00:00",A,-1
14,Armurabers,Mireo,Armurabers.Mireo@upc.edu,M,29,Bulgaria,"2020-01-08 00:00:00",B,-1
15,Gilitir,Karessian,Gilitir.Karessian@upc.edu,M,25,Bulgaria,"2020-01-08 00:00:00",B,-1
16,Aruraba,Yuru,Aruraba.Yuru@upc.edu,F,24,Bulgaria,"2020-01-08 00:00:00",A,-1
17,Githel,Finan,Githel.Finan@upc.edu,M,36,Bulgaria,"2020-01-08 00:00:00",B,-1
18,Issorevor,Eralu,Issorevor.Eralu@upc.edu,M,23,Bulgaria,"2020-01-08 00:00:00",B,-1
19,Isliwen,Vanan,Isliwen.Vanan@upc.edu,F,28,Bulgaria,"2020-01-08 00:00:00",A,-1
20,Isiwe,Vararan,Isiwe.Vararan@upc.edu,F,31,Bulgaria,"2020-01-08 00:00:00",B,-1
21,Mayorawyn,Vanai,Mayorawyn.Vanai@upc.edu,F,20,Bulgaria,"2020-01-08 00:00:00",B,-1
22,Xanoth,Banalan,Xanoth.Banalan@upc.edu,F,31,Bulgaria,"2020-01-08 00:00:00",A,-1
23,Ulonik,Ianessath,Ulonik.Ianessath@upc.edu,M,24,Bulgaria,"2020-01-08 00:00:00",A,-1
24,Eravor,Erenar,Eravor.Erenar@upc.edu,M,25,Bulgaria,"2020-01-08 00:00:00",A,-1
25,Amoyagodor,Tsiressai,Amoyagodor.Tsiressai@upc.edu,M,26,Bulgaria,"2020-01-09 00:00:00",B,-1
26,Glawyn,Arai,Glawyn.Arai@upc.edu,F,24,Bulgaria,"2020-01-09 00:00:00",B,-1
27,Adoyagalaith,Ethenu,Adoyagalaith.Ethenu@upc.edu,F,32,Bulgaria,"2020-01-09 00:00:00",B,-1
28,Emelisera,Kurrorath,Emelisera.Kurrorath@upc.edu,F,31,Bulgaria,"2020-01-09 00:00:00",B,-1
29,Islyth,Jedath,Islyth.Jedath@upc.edu,F,30,Bulgaria,"2020-01-09 00:00:00",B,-1
30,Durisaldir,Aeranian,Durisaldir.Aeranian@upc.edu,M,30,Bulgaria,"2020-01-09 00:00:00",A,-1
31,Emakira,Karessath,Emakira.Karessath@upc.edu,F,30,Bulgaria,"2020-01-09 00:00:00",A,-1
32,Gilyrab,Eris,Gilyrab.Eris@upc.edu,M,29,Bulgaria,"2020-01-09 00:00:00",A,-1
33,Ivybeth,Vanor,Ivybeth.Vanor@upc.edu,F,25,Bulgaria,"2020-01-09 00:00:00",B,-1
34,Deladil,Tsiren,Deladil.Tsiren@upc.edu,M,35,Bulgaria,"2020-01-09 00:00:00",B,-1
35,Grinyblek,Manen,Grinyblek.Manen@upc.edu,M,35,Bulgaria,"2020-01-09 00:00:00",A,-1
36,Beluselaith,Yuren,Beluselaith.Yuren@upc.edu,F,32,Bulgaria,"2020-01-09 00:00:00",A,-1
37,Glororinne,Tsereo,Glororinne.Tsereo@upc.edu,F,30,Bulgaria,"2020-01-09 00:00:00",B,-1
38,Barutodir,Bethen,Barutodir.Bethen@upc.edu,M,35,Bulgaria,"2020-01-09 00:00:00",B,-1
39,Faloregokath,Beru,Faloregokath.Beru@upc.edu,M,40,Bulgaria,"2020-01-09 00:00:00",A,-1
40,Gomira,Iarralar,Gomira.Iarralar@upc.edu,F,32,Bulgaria,"2020-01-09 00:00:00",B,-1
41,Earogrim,Aerian,Earogrim.Aerian@upc.edu,M,30,Bulgaria,"2020-01-09 00:00:00",A,-1
42,Betheta,Dellian,Betheta.Dellian@upc.edu,F,48,Germany,"2020-01-09 00:00:00",A,-1
43,Mayerethra,Kurru,Mayerethra.Kurru@upc.edu,F,48,Germany,"2020-01-09 00:00:00",B,-1
44,Aereldatta,Aeronnu,Aereldatta.Aeronnu@upc.edu,F,31,Bulgaria,"2020-01-09 00:00:00",B,-1
45,Arunor,Darianeo,Arunor.Darianeo@upc.edu,F,20,Bulgaria,"2020-01-10 00:00:00",B,-1
46,Iveseba,Cutian,Iveseba.Cutian@upc.edu,F,25,Bulgaria,"2020-01-10 00:00:00",A,-1
47,Boreneg,Iananu,Boreneg.Iananu@upc.edu,M,25,Bulgaria,"2020-01-10 00:00:00",A,-1
48,Bethimivea,Cutelor,Bethimivea.Cutelor@upc.edu,F,39,Bulgaria,"2020-01-10 00:00:00",A,-1
49,Veloriamina,Marenian,Veloriamina.Marenian@upc.edu,F,32,Bulgaria,"2020-01-10 00:00:00",A,-1
50,Ivitha,Ethorath,Ivitha.Ethorath@upc.edu,F,25,Bulgaria,"2020-01-10 00:00:00",A,-1
51,Bethiba,Tsiror,Bethiba.Tsiror@upc.edu,F,33,Bulgaria,"2020-01-10 00:00:00",B,-1
52,Vorunor,Illath,Vorunor.Illath@upc.edu,F,20,Bulgaria,"2020-01-10 00:00:00",B,-1
53,Xerata,Arath,Xerata.Arath@upc.edu,F,29,Bulgaria,"2020-01-10 00:00:00",A,-1
54,Issesaran,Erath,Issesaran.Erath@upc.edu,M,26,Bulgaria,"2020-01-10 00:00:00",B,-1
55,Amekalthorin,Anai,Amekalthorin.Anai@upc.edu,M,27,Bulgaria,"2020-01-10 00:00:00",A,-1
56,Polayalle,Danaleo,Polayalle.Danaleo@upc.edu,F,27,Bulgaria,"2020-01-10 00:00:00",A,-1
57,Bular,Jedanai,Bular.Jedanai@upc.edu,M,32,Bulgaria,"2020-01-10 00:00:00",B,-1
58,Gunesabar,Danath,Gunesabar.Danath@upc.edu,M,27,Bulgaria,"2020-01-10 00:00:00",B,-1
59,CeNitira,Kurronnian,CeNitira.Kurronnian@upc.edu,F,28,Bulgaria,"2020-01-10 00:00:00",B,-1
60,Borimasta,Vanessen,Borimasta.Vanessen@upc.edu,M,24,Bulgaria,"2020-01-10 00:00:00",B,-1
61,Rhorogen,Dellenian,Rhorogen.Dellenian@upc.edu,M,28,Bulgaria,"2020-01-10 00:00:00",B,-1
62,Gunirain,Kurren,Gunirain.Kurren@upc.edu,M,42,Germany,"2020-01-10 00:00:00",A,-1
63,Isovea,Illian,Isovea.Illian@upc.edu,F,45,Germany,"2020-01-10 00:00:00",A,-1
64,Boribers,Barelar,Boribers.Barelar@upc.edu,M,44,Germany,"2020-01-10 00:00:00",A,-1
65,Yvesenor,Marai,Yvesenor.Marai@upc.edu,F,53,Germany,"2020-01-11 00:00:00",B,-1
66,Ivith,Ettenian,Ivith.Ettenian@upc.edu,F,45,Germany,"2020-01-11 00:00:00",B,-1
67,Adilemille,Kyrian,Adilemille.Kyrian@upc.edu,F,35,Bulgaria,"2020-01-11 00:00:00",B,-1
68,Xaneriath,Illen,Xaneriath.Illen@upc.edu,F,42,Germany,"2020-01-12 00:00:00",A,-1
69,Runulach,Bethaneo,Runulach.Bethaneo@upc.edu,M,48,Germany,"2020-01-12 00:00:00",B,-1
70,Layalema,Ettonnor,Layalema.Ettonnor@upc.edu,F,29,Bulgaria,"2020-01-13 00:00:00",B,-1
71,Gylle,Finoru,Gylle.Finoru@upc.edu,F,33,Bulgaria,"2020-01-13 00:00:00",B,-1
72,Ulfaneg,Beraran,Ulfaneg.Beraran@upc.edu,M,34,Bulgaria,"2020-01-13 00:00:00",B,-1
73,Loraziladur,Tsiressu,Loraziladur.Tsiressu@upc.edu,M,51,Germany,"2020-01-16 00:00:00",B,-1
74,Brenirath,Baranen,Brenirath.Baranen@upc.edu,M,26,Bulgaria,"2020-01-18 00:00:00",B,-1
75,Layynor,Mirai,Layynor.Mirai@upc.edu,F,25,Bulgaria,"2020-01-18 00:00:00",B,-1
76,Getosin,Ethenu,Getosin.Ethenu@upc.edu,M,27,Bulgaria,"2020-01-18 00:00:00",A,-1
77,Nerulaith,Tseraru,Nerulaith.Tseraru@upc.edu,F,35,Bulgaria,"2020-01-18 00:00:00",A,-1
78,Zetokor,Jedis,Zetokor.Jedis@upc.edu,M,31,Bulgaria,"2020-01-18 00:00:00",A,-1
79,Hintir,Barian,Hintir.Barian@upc.edu,M,41,Bulgaria,"2020-01-18 00:00:00",A,-1
80,Aerilarafast,Kanaran,Aerilarafast.Kanaran@upc.edu,M,31,Bulgaria,"2020-01-18 00:00:00",B,-1
81,Poliriatha,Finonnan,Poliriatha.Finonnan@upc.edu,F,31,Bulgaria,"2020-01-18 00:00:00",A,-1
82,Tureroddantir,Yyran,Tureroddantir.Yyran@upc.edu,M,37,Bulgaria,"2020-01-18 00:00:00",B,-1
83,Emonn,Yyrenan,Emonn.Yyrenan@upc.edu,F,27,Bulgaria,"2020-01-18 00:00:00",B,-1
84,Salanor,Ianonnan,Salanor.Ianonnan@upc.edu,F,21,Bulgaria,"2020-01-18 00:00:00",B,-1
85,Haralathagar,Kyressar,Haralathagar.Kyressar@upc.edu,M,28,Bulgaria,"2020-01-18 00:00:00",B,-1
86,Islatha,Bethonnian,Islatha.Bethonnian@upc.edu,F,31,Bulgaria,"2020-01-18 00:00:00",B,-1
87,Mayulaith,Jeden,Mayulaith.Jeden@upc.edu,F,34,Bulgaria,"2020-01-18 00:00:00",B,-1
88,Betholle,Meranian,Betholle.Meranian@upc.edu,F,26,Bulgaria,"2020-01-18 00:00:00",A,-1
89,Elenyfast,Illelen,Elenyfast.Illelen@upc.edu,M,36,Bulgaria,"2020-01-18 00:00:00",A,-1
90,Harylar,Ethianai,Harylar.Ethianai@upc.edu,M,39,Bulgaria,"2020-01-18 00:00:00",A,-1
91,Kudin,Illonnan,Kudin.Illonnan@upc.edu,M,25,Bulgaria,"2020-01-18 00:00:00",B,-1
92,Loriromirak,Karian,Loriromirak.Karian@upc.edu,M,36,Bulgaria,"2020-01-18 00:00:00",B,-1
93,Cyruwyn,Merar,Cyruwyn.Merar@upc.edu,F,35,Bulgaria,"2020-01-18 00:00:00",A,-1
94,Velydhekira,Betten,Velydhekira.Betten@upc.edu,F,21,Bulgaria,"2020-01-18 00:00:00",B,-1
95,Adiwen,Kanaris,Adiwen.Kanaris@upc.edu,F,31,Bulgaria,"2020-01-18 00:00:00",B,-1
96,Daimokan,Illu,Daimokan.Illu@upc.edu,M,21,Bulgaria,"2020-01-18 00:00:00",B,-1
97,Belara,Finelen,Belara.Finelen@upc.edu,F,28,Bulgaria,"2020-01-18 00:00:00",A,-1
98,Nalach,Edronnis,Nalach.Edronnis@upc.edu,M,31,Bulgaria,"2020-01-18 00:00:00",A,-1
99,Gilarain,Bethor,Gilarain.Bethor@upc.edu,M,35,Bulgaria,"2020-01-18 00:00:00",B,-1
100,Hurudir,Anianai,Hurudir.Anianai@upc.edu,M,34,Bulgaria,"2020-01-18 00:00:00",A,-1
101,Elora,Karan,Elora.Karan@upc.edu,F,21,Bulgaria,"2020-01-18 00:00:00",B,-1
102,Veloma,Yuror,Veloma.Yuror@upc.edu,F,36,Bulgaria,"2020-01-18 00:00:00",B,-1
103,Glorothra,Analeo,Glorothra.Analeo@upc.edu,F,30,Bulgaria,"2020-01-18 00:00:00",B,-1
104,Layyrama,Illeo,Layyrama.Illeo@upc.edu,F,28,Bulgaria,"2020-01-18 00:00:00",A,-1
105,Borodor,Berorian,Borodor.Berorian@upc.edu,M,33,Bulgaria,"2020-01-18 00:00:00",A,-1
106,Mayirenor,Ianen,Mayirenor.Ianen@upc.edu,F,36,Bulgaria,"2020-01-18 00:00:00",A,-1
107,Zubayara,Iarrarath,Zubayara.Iarrarath@upc.edu,F,38,Bulgaria,"2020-01-18 00:00:00",B,-1
108,Bethesekira,Iarrian,Bethesekira.Iarrian@upc.edu,F,24,Bulgaria,"2020-01-18 00:00:00",A,-1
109,Mayygathra,Edran,Mayygathra.Edran@upc.edu,F,36,Bulgaria,"2020-01-18 00:00:00",B,-1
110,Nerilenor,Berianan,Nerilenor.Berianan@upc.edu,F,20,Bulgaria,"2020-01-18 00:00:00",A,-1
111,Neruth,Tsalian,Neruth.Tsalian@upc.edu,F,34,Bulgaria,"2020-01-18 00:00:00",B,-1
112,Gorabeth,Kanenen,Gorabeth.Kanenen@upc.edu,F,32,Bulgaria,"2020-01-18 00:00:00",A,-1
113,Adyrana,Bareleo,Adyrana.Bareleo@upc.edu,F,35,Bulgaria,"2020-01-18 00:00:00",A,-1
114,Poraramira,Eris,Poraramira.Eris@upc.edu,F,33,Bulgaria,"2020-01-18 00:00:00",B,-1
115,Silerera,Karonnu,Silerera.Karonnu@upc.edu,F,26,Bulgaria,"2020-01-18 00:00:00",A,-1
116,Mayodamina,Yyroror,Mayodamina.Yyroror@upc.edu,F,26,Bulgaria,"2020-01-18 00:00:00",A,-1
117,Chaluzor,Arai,Chaluzor.Arai@upc.edu,M,28,Bulgaria,"2020-01-18 00:00:00",B,-1
118,Rhydunadig,Yurath,Rhydunadig.Yurath@upc.edu,M,23,Bulgaria,"2020-01-18 00:00:00",A,-1
119,Cyrunn,Illorar,Cyrunn.Illorar@upc.edu,F,31,Bulgaria,"2020-01-18 00:00:00",A,-1
120,Alithel,Tsalis,Alithel.Tsalis@upc.edu,M,25,Bulgaria,"2020-01-18 00:00:00",A,-1
121,Bealdir,Illenath,Bealdir.Illenath@upc.edu,M,33,Bulgaria,"2020-01-18 00:00:00",B,-1
122,Cutholdil,Beralan,Cutholdil.Beralan@upc.edu,M,30,Bulgaria,"2020-01-18 00:00:00",B,-1
123,Gloromitta,Ianenai,Gloromitta.Ianenai@upc.edu,F,27,Bulgaria,"2020-01-18 00:00:00",B,-1
124,Rhogar,Banareo,Rhogar.Banareo@upc.edu,M,33,Bulgaria,"2020-01-19 00:00:00",B,-1
125,Ivybeth,Iarrelai,Ivybeth.Iarrelai@upc.edu,F,31,Bulgaria,"2020-01-20 00:00:00",A,-1
126,Polaralaith,Tseressath,Polaralaith.Tseressath@upc.edu,F,45,Germany,"2020-01-21 00:00:00",A,-1
127,Falorand,Ethareo,Falorand.Ethareo@upc.edu,M,30,Bulgaria,"2020-01-21 00:00:00",B,-1
128,Belyba,Vararu,Belyba.Vararu@upc.edu,F,40,Bulgaria,"2020-01-24 00:00:00",B,-1
129,Adota,Yyrian,Adota.Yyrian@upc.edu,F,38,Germany,"2020-01-26 00:00:00",A,-1
130,Islatha,Yyroror,Islatha.Yyroror@upc.edu,F,43,Germany,"2020-01-26 00:00:00",B,-1
131,Porora,Mireneo,Porora.Mireneo@upc.edu,F,48,Germany,"2020-01-26 00:00:00",A,-1
132,Hyragar,Tsalath,Hyragar.Tsalath@upc.edu,M,21,Bulgaria,"2020-01-26 00:00:00",B,-1
133,Emebreta,Karor,Emebreta.Karor@upc.edu,F,54,Germany,"2020-01-27 00:00:00",A,-1
134,CeNarimira,Ethalu,CeNarimira.Ethalu@upc.edu,F,53,Germany,"2020-01-27 00:00:00",B,-1
135,Xerirerin,Tsalu,Xerirerin.Tsalu@upc.edu,F,18,Bulgaria,"2020-01-27 00:00:00",B,-1
136,Lisolekira,Dellen,Lisolekira.Dellen@upc.edu,F,46,Germany,"2020-01-28 00:00:00",B,-1
137,Huriromilach,Vanath,Huriromilach.Vanath@upc.edu,M,45,Germany,"2020-01-28 00:00:00",A,-1
138,Zanazilaldil,Daru,Zanazilaldil.Daru@upc.edu,M,44,Germany,"2020-01-28 00:00:00",A,-1
139,Boresadil,Miren,Boresadil.Miren@upc.edu,M,50,Germany,"2020-01-29 00:00:00",B,-1
140,Hurygaran,Mirai,Hurygaran.Mirai@upc.edu,M,45,Germany,"2020-01-29 00:00:00",B,-1
141,Korilalach,Manian,Korilalach.Manian@upc.edu,M,34,Bulgaria,"2020-01-29 00:00:00",B,-1
142,Glorotta,Edrar,Glorotta.Edrar@upc.edu,F,47,Germany,"2020-01-29 00:00:00",A,-1
143,Kheluntir,Anelar,Kheluntir.Anelar@upc.edu,M,27,Norway,"2020-01-31 00:00:00",A,-1
144,Xanowe,Edren,Xanowe.Edren@upc.edu,F,32,Norway,"2020-01-31 00:00:00",B,-1
145,Earorachik,Kurrenar,Earorachik.Kurrenar@upc.edu,M,31,Norway,"2020-01-31 00:00:00",A,-1
146,Alyrahek,Ethai,Alyrahek.Ethai@upc.edu,M,21,Norway,"2020-01-31 00:00:00",A,-1
147,Malaregund,Baronnai,Malaregund.Baronnai@upc.edu,M,24,Norway,"2020-01-31 00:00:00",B,-1
148,Rageruildil,Yyror,Rageruildil.Yyror@upc.edu,M,27,Norway,"2020-01-31 00:00:00",B,-1
149,Mayybeth,Banianeo,Mayybeth.Banianeo@upc.edu,F,32,Norway,"2020-01-31 00:00:00",B,-1
150,Arariamira,Meressan,Arariamira.Meressan@upc.edu,F,38,Norway,"2020-01-31 00:00:00",B,-1
151,Hurodragen,Jedan,Hurodragen.Jedan@upc.edu,M,24,Bulgaria,"2020-01-31 00:00:00",B,-1
152,Glorinn,Anelai,Glorinn.Anelai@upc.edu,F,40,Germany,"2020-01-31 00:00:00",A,-1
153,Voruba,Keru,Voruba.Keru@upc.edu,F,25,Bulgaria,"2020-02-01 00:00:00",B,-1
154,Guda,Vanu,Guda.Vanu@upc.edu,F,35,Bulgaria,"2020-02-01 00:00:00",B,-1
155,Bethamiba,Danonnor,Bethamiba.Danonnor@upc.edu,F,38,Bulgaria,"2020-02-01 00:00:00",A,-1
156,Arelrassra,Arath,Arelrassra.Arath@upc.edu,F,39,Bulgaria,"2020-02-01 00:00:00",A,-1
157,Broduhor,Vararan,Broduhor.Vararan@upc.edu,M,27,Bulgaria,"2020-02-02 00:00:00",A,-1
158,Falomarin,Bettonneo,Falomarin.Bettonneo@upc.edu,M,39,Bulgaria,"2020-02-02 00:00:00",A,-1
159,Zubyyama,Varian,Zubyyama.Varian@upc.edu,F,30,Bulgaria,"2020-02-02 00:00:00",A,-1
160,Islulevea,Bethan,Islulevea.Bethan@upc.edu,F,33,Bulgaria,"2020-02-03 00:00:00",A,-1
161,Gunyblek,Jedis,Gunyblek.Jedis@upc.edu,M,52,Germany,"2020-02-04 00:00:00",A,-1
162,Lelarador,Banoru,Lelarador.Banoru@upc.edu,M,41,Germany,"2020-02-04 00:00:00",B,-1
163,Yvygama,Tsiroran,Yvygama.Tsiroran@upc.edu,F,48,Germany,"2020-02-04 00:00:00",A,-1
164,Balybers,Aressis,Balybers.Aressis@upc.edu,M,47,Germany,"2020-02-04 00:00:00",B,-1
165,Zuboth,Edralis,Zuboth.Edralis@upc.edu,F,52,Germany,"2020-02-04 00:00:00",A,-1
166,Amondur,Iarru,Amondur.Iarru@upc.edu,M,48,Germany,"2020-02-04 00:00:00",B,-1
167,Gorarak,Danessai,Gorarak.Danessai@upc.edu,M,53,Germany,"2020-02-04 00:00:00",B,-1
168,Elurerin,Daror,Elurerin.Daror@upc.edu,F,44,Germany,"2020-02-04 00:00:00",B,-1
169,Mardoleg,Tsalan,Mardoleg.Tsalan@upc.edu,M,47,Germany,"2020-02-04 00:00:00",A,-1
170,Belytta,Illanen,Belytta.Illanen@upc.edu,F,41,Germany,"2020-02-04 00:00:00",B,-1
171,Aeryda,Kurran,Aeryda.Kurran@upc.edu,F,28,Italy,"2020-02-04 00:00:00",B,-1
172,Dairedeneg,Illian,Dairedeneg.Illian@upc.edu,M,30,Italy,"2020-02-04 00:00:00",A,-1
173,Bregaregogrim,Karar,Bregaregogrim.Karar@upc.edu,M,35,Italy,"2020-02-04 00:00:00",A,-1
174,Ulfiruileg,Etharan,Ulfiruileg.Etharan@upc.edu,M,31,Italy,"2020-02-04 00:00:00",A,-1
175,Voremina,Finelath,Voremina.Finelath@upc.edu,F,26,Italy,"2020-02-04 00:00:00",B,-1
176,Elidamira,Cuteo,Elidamira.Cuteo@upc.edu,F,31,Italy,"2020-02-04 00:00:00",B,-1
177,Harolathadas,Bethanis,Harolathadas.Bethanis@upc.edu,M,18,Italy,"2020-02-04 00:00:00",A,-1
178,Eilinitta,Aerian,Eilinitta.Aerian@upc.edu,F,24,Italy,"2020-02-04 00:00:00",B,-1
179,Falorim,Baranu,Falorim.Baranu@upc.edu,M,31,Italy,"2020-02-04 00:00:00",A,-1
180,Turotar,Aran,Turotar.Aran@upc.edu,M,38,Italy,"2020-02-04 00:00:00",A,-1
181,Khelyblek,Vanelor,Khelyblek.Vanelor@upc.edu,M,38,Italy,"2020-02-04 00:00:00",B,-1
182,Gloralaith,Kareo,Gloralaith.Kareo@upc.edu,F,29,Italy,"2020-02-04 00:00:00",B,-1
183,Armaroddahad,Darai,Armaroddahad.Darai@upc.edu,M,36,Italy,"2020-02-04 00:00:00",A,-1
184,Eremikan,Derath,Eremikan.Derath@upc.edu,M,34,Italy,"2020-02-04 00:00:00",A,-1
185,Porotta,Kurran,Porotta.Kurran@upc.edu,F,37,Italy,"2020-02-04 00:00:00",A,-1
186,Samublek,Aereneo,Samublek.Aereneo@upc.edu,M,28,Italy,"2020-02-04 00:00:00",A,-1
187,Earudar,Beror,Earudar.Beror@upc.edu,M,24,Italy,"2020-02-04 00:00:00",B,-1
188,Layalelle,Delleo,Layalelle.Delleo@upc.edu,F,21,Italy,"2020-02-04 00:00:00",A,-1
189,Bokamabers,Dellarath,Bokamabers.Dellarath@upc.edu,M,26,Italy,"2020-02-05 00:00:00",B,-1
190,Emelith,Kyren,Emelith.Kyren@upc.edu,F,22,Italy,"2020-02-05 00:00:00",A,-1
191,Belathandil,Kurroran,Belathandil.Kurroran@upc.edu,M,27,Italy,"2020-02-05 00:00:00",B,-1
192,Zanyzilagas,Tsaleo,Zanyzilagas.Tsaleo@upc.edu,M,30,Italy,"2020-02-05 00:00:00",A,-1
193,Isida,Ettai,Isida.Ettai@upc.edu,F,28,Italy,"2020-02-05 00:00:00",A,-1
194,Glorobeth,Edreo,Glorobeth.Edreo@upc.edu,F,32,Italy,"2020-02-05 00:00:00",A,-1
195,Gilulathasin,Varorai,Gilulathasin.Varorai@upc.edu,M,34,Italy,"2020-02-05 00:00:00",A,-1
196,Zygofast,Kanen,Zygofast.Kanen@upc.edu,M,33,Italy,"2020-02-05 00:00:00",A,-1
197,Zanorab,Iarrian,Zanorab.Iarrian@upc.edu,M,29,Italy,"2020-02-05 00:00:00",A,-1
198,Zubytta,Erenis,Zubytta.Erenis@upc.edu,F,24,Italy,"2020-02-05 00:00:00",B,-1
199,Cuthuruilin,Derath,Cuthuruilin.Derath@upc.edu,M,32,Italy,"2020-02-05 00:00:00",A,-1
200,Balyrim,Berai,Balyrim.Berai@upc.edu,M,32,Italy,"2020-02-05 00:00:00",A,-1
201,Anydan,Ethis,Anydan.Ethis@upc.edu,M,23,Italy,"2020-02-05 00:00:00",B,-1
202,Tarregen,Yurianian,Tarregen.Yurianian@upc.edu,M,28,Italy,"2020-02-05 00:00:00",A,-1
203,Polota,Yurianai,Polota.Yurianai@upc.edu,F,34,Italy,"2020-02-05 00:00:00",B,-1
204,Bethyra,Karonnis,Bethyra.Karonnis@upc.edu,F,26,Italy,"2020-02-05 00:00:00",B,-1
205,Aeridath,Keronnu,Aeridath.Keronnu@upc.edu,F,33,Italy,"2020-02-05 00:00:00",A,-1
206,Daimidugund,Tsalorar,Daimidugund.Tsalorar@upc.edu,M,28,Italy,"2020-02-05 00:00:00",A,-1
207,Chirin,Finonnis,Chirin.Finonnis@upc.edu,M,30,Bulgaria,"2020-02-05 00:00:00",A,-1
208,Eremadir,Kanor,Eremadir.Kanor@upc.edu,M,29,Bulgaria,"2020-02-05 00:00:00",A,-1
209,Xewyn,Dellelis,Xewyn.Dellelis@upc.edu,F,49,Germany,"2020-02-05 00:00:00",B,-1
210,Manorim,Tseraru,Manorim.Tseraru@upc.edu,M,43,Germany,"2020-02-07 00:00:00",A,-1
211,Cyryyabeth,Mirar,Cyryyabeth.Mirar@upc.edu,F,30,Bulgaria,"2020-02-07 00:00:00",B,-1
212,Gyba,Ettor,Gyba.Ettor@upc.edu,F,31,Bulgaria,"2020-02-08 00:00:00",B,-1
213,Hanalafang,Illath,Hanalafang.Illath@upc.edu,M,18,Italy,"2020-02-09 00:00:00",A,-1
214,Nererenne,Manoreo,Nererenne.Manoreo@upc.edu,F,46,Germany,"2020-02-10 00:00:00",B,-1
215,Xerumille,Kananai,Xerumille.Kananai@upc.edu,F,32,Italy,"2020-02-11 00:00:00",A,-1
216,Durintir,Aeror,Durintir.Aeror@upc.edu,M,33,Italy,"2020-02-11 00:00:00",A,-1
217,Cyryda,Varar,Cyryda.Varar@upc.edu,F,20,Italy,"2020-02-11 00:00:00",A,-1
218,Xerunor,Merelis,Xerunor.Merelis@upc.edu,F,30,Italy,"2020-02-11 00:00:00",A,-1
219,Gidar,Dellis,Gidar.Dellis@upc.edu,M,22,Italy,"2020-02-11 00:00:00",B,-1
220,Fulochak,Kananu,Fulochak.Kananu@upc.edu,M,41,Italy,"2020-02-11 00:00:00",B,-1
221,Zanyrig,Daranu,Zanyrig.Daranu@upc.edu,M,32,Italy,"2020-02-11 00:00:00",A,-1
222,Aeryrawyn,Betheo,Aeryrawyn.Betheo@upc.edu,F,24,Italy,"2020-02-11 00:00:00",B,-1
223,Velidaba,Ettanath,Velidaba.Ettanath@upc.edu,F,36,Italy,"2020-02-11 00:00:00",B,-1
224,Islubeth,Erar,Islubeth.Erar@upc.edu,F,27,Italy,"2020-02-11 00:00:00",A,-1
225,Veligamina,Bettonnai,Veligamina.Bettonnai@upc.edu,F,37,Italy,"2020-02-11 00:00:00",A,-1
226,Vorassra,Maris,Vorassra.Maris@upc.edu,F,34,Italy,"2020-02-11 00:00:00",A,-1
227,Ivelaith,Edran,Ivelaith.Edran@upc.edu,F,30,Italy,"2020-02-11 00:00:00",A,-1
228,Eilineta,Aeroren,Eilineta.Aeroren@upc.edu,F,33,Italy,"2020-02-11 00:00:00",B,-1
229,Loronik,Erath,Loronik.Erath@upc.edu,M,37,Italy,"2020-02-11 00:00:00",A,-1
230,Branyldir,Mareo,Branyldir.Mareo@upc.edu,M,40,Italy,"2020-02-11 00:00:00",A,-1
231,Anidrarab,Beror,Anidrarab.Beror@upc.edu,M,26,Italy,"2020-02-11 00:00:00",A,-1
232,Tezor,Aris,Tezor.Aris@upc.edu,M,32,Italy,"2020-02-11 00:00:00",B,-1
233,Cyrolle,Merianian,Cyrolle.Merianian@upc.edu,F,38,Italy,"2020-02-11 00:00:00",A,-1
234,Velina,Meris,Velina.Meris@upc.edu,F,30,Italy,"2020-02-11 00:00:00",B,-1
235,Layalaith,Betharan,Layalaith.Betharan@upc.edu,F,36,Italy,"2020-02-11 00:00:00",A,-1
236,Beluriaravena,Iarrath,Beluriaravena.Iarrath@upc.edu,F,19,Italy,"2020-02-11 00:00:00",B,-1
237,Chalyyachik,Beralath,Chalyyachik.Beralath@upc.edu,M,25,Italy,"2020-02-11 00:00:00",A,-1
238,Belewen,Betten,Belewen.Betten@upc.edu,F,38,Italy,"2020-02-11 00:00:00",A,-1
239,Porynne,Finonneo,Porynne.Finonneo@upc.edu,F,33,Italy,"2020-02-11 00:00:00",A,-1
240,Yvida,Jedonnan,Yvida.Jedonnan@upc.edu,F,25,Italy,"2020-02-11 00:00:00",B,-1
241,Elagann,Yuren,Elagann.Yuren@upc.edu,F,31,Italy,"2020-02-11 00:00:00",B,-1
242,Cyrorita,Kanath,Cyrorita.Kanath@upc.edu,F,40,Italy,"2020-02-11 00:00:00",A,-1
243,Earybar,Kurroran,Earybar.Kurroran@upc.edu,M,24,Italy,"2020-02-11 00:00:00",A,-1
244,Adewyn,Kanelor,Adewyn.Kanelor@upc.edu,F,23,Italy,"2020-02-11 00:00:00",B,-1
245,Xanimina,Jedoran,Xanimina.Jedoran@upc.edu,F,23,Italy,"2020-02-11 00:00:00",A,-1
246,Eiliniganne,Merelis,Eiliniganne.Merelis@upc.edu,F,32,Italy,"2020-02-11 00:00:00",B,-1
247,Emelynne,Cutu,Emelynne.Cutu@upc.edu,F,39,Italy,"2020-02-11 00:00:00",A,-1
248,Koreruikath,Eressian,Koreruikath.Eressian@upc.edu,M,23,Italy,"2020-02-11 00:00:00",A,-1
249,Velomiba,Vanor,Velomiba.Vanor@upc.edu,F,29,Italy,"2020-02-11 00:00:00",A,-1
250,Zubawen,Bettoru,Zubawen.Bettoru@upc.edu,F,23,Italy,"2020-02-11 00:00:00",B,-1
251,Zubavena,Banan,Zubavena.Banan@upc.edu,F,34,Italy,"2020-02-11 00:00:00",B,-1
252,Urunaridor,Kanessar,Urunaridor.Kanessar@upc.edu,M,29,Bulgaria,"2020-02-11 00:00:00",B,-1
253,Gloromina,Illalar,Gloromina.Illalar@upc.edu,F,26,Bulgaria,"2020-02-11 00:00:00",B,-1
254,Brodydan,Varath,Brodydan.Varath@upc.edu,M,24,Bulgaria,"2020-02-11 00:00:00",A,-1
255,Ulfuldil,Kurrath,Ulfuldil.Kurrath@upc.edu,M,31,Bulgaria,"2020-02-12 00:00:00",B,-1
256,Aryrevor,Keressian,Aryrevor.Keressian@upc.edu,M,29,Bulgaria,"2020-02-12 00:00:00",A,-1
257,Runidrabers,Tsaleo,Runidrabers.Tsaleo@upc.edu,M,37,Bulgaria,"2020-02-12 00:00:00",A,-1
258,Layomira,Kerorian,Layomira.Kerorian@upc.edu,F,33,Bulgaria,"2020-02-12 00:00:00",A,-1
259,Emobrelranne,Iarrian,Emobrelranne.Iarrian@upc.edu,F,25,Bulgaria,"2020-02-12 00:00:00",B,-1
260,Saluba,Kyren,Saluba.Kyren@upc.edu,F,27,Bulgaria,"2020-02-12 00:00:00",A,-1
261,Gorublek,Ianis,Gorublek.Ianis@upc.edu,M,26,Bulgaria,"2020-02-12 00:00:00",A,-1
262,Xeryrivea,Deroreo,Xeryrivea.Deroreo@upc.edu,F,30,Bulgaria,"2020-02-12 00:00:00",A,-1
263,Mayyriath,Tsalonnar,Mayyriath.Tsalonnar@upc.edu,F,23,Bulgaria,"2020-02-12 00:00:00",B,-1
264,Velyra,Iarrar,Velyra.Iarrar@upc.edu,F,23,Bulgaria,"2020-02-12 00:00:00",B,-1
265,Relgiharagorn,Beroreo,Relgiharagorn.Beroreo@upc.edu,M,36,Bulgaria,"2020-02-12 00:00:00",A,-1
266,Velulrassra,Eraran,Velulrassra.Eraran@upc.edu,F,30,Bulgaria,"2020-02-12 00:00:00",A,-1
267,Isoma,Mirianath,Isoma.Mirianath@upc.edu,F,44,Germany,"2020-02-12 00:00:00",B,-1
268,Samamnir,Dellonnor,Samamnir.Dellonnor@upc.edu,M,39,Germany,"2020-02-12 00:00:00",A,-1
269,Gunedir,Tserianian,Gunedir.Tserianian@upc.edu,M,37,Germany,"2020-02-12 00:00:00",A,-1
270,Layuvena,Tseraris,Layuvena.Tseraris@upc.edu,F,44,Germany,"2020-02-12 00:00:00",B,-1
271,Chameneg,Anessath,Chameneg.Anessath@upc.edu,M,27,Bulgaria,"2020-02-12 00:00:00",A,-1
272,Elydhema,Deris,Elydhema.Deris@upc.edu,F,36,Bulgaria,"2020-02-12 00:00:00",A,-1
273,Camodur,Anath,Camodur.Anath@upc.edu,M,42,Germany,"2020-02-12 00:00:00",A,-1
274,Runihek,Maren,Runihek.Maren@upc.edu,M,26,Italy,"2020-02-12 00:00:00",B,-1
275,Betharin,Ethan,Betharin.Ethan@upc.edu,F,28,Bulgaria,"2020-02-13 00:00:00",B,-1
276,Emythra,Darelai,Emythra.Darelai@upc.edu,F,28,Bulgaria,"2020-02-13 00:00:00",B,-1
277,Nerodanor,Yuru,Nerodanor.Yuru@upc.edu,F,30,Bulgaria,"2020-02-13 00:00:00",B,-1
278,Adyra,Ethan,Adyra.Ethan@upc.edu,F,33,Bulgaria,"2020-02-13 00:00:00",B,-1
279,Xutta,Tserai,Xutta.Tserai@upc.edu,F,40,Bulgaria,"2020-02-13 00:00:00",B,-1
280,Halador,Kanu,Halador.Kanu@upc.edu,M,35,Bulgaria,"2020-02-13 00:00:00",B,-1
281,Beuroddarastir,Berianeo,Beuroddarastir.Berianeo@upc.edu,M,39,Bulgaria,"2020-02-13 00:00:00",A,-1
282,Baretir,Aerarar,Baretir.Aerarar@upc.edu,M,20,Bulgaria,"2020-02-13 00:00:00",B,-1
283,Malykath,Bettarai,Malykath.Bettarai@upc.edu,M,28,Bulgaria,"2020-02-13 00:00:00",A,-1
284,Urthidar,Ethoran,Urthidar.Ethoran@upc.edu,M,34,Bulgaria,"2020-02-13 00:00:00",A,-1
285,Arussra,Kyru,Arussra.Kyru@upc.edu,F,25,Bulgaria,"2020-02-13 00:00:00",A,-1
286,CeNytha,Tsirianan,CeNytha.Tsirianan@upc.edu,F,33,Bulgaria,"2020-02-13 00:00:00",A,-1
287,Eilinidhetira,Baralath,Eilinidhetira.Baralath@upc.edu,F,36,Germany,"2020-02-13 00:00:00",B,-1
288,Gloretta,Betheo,Gloretta.Betheo@upc.edu,F,46,Germany,"2020-02-13 00:00:00",B,-1
289,Xovena,Bereo,Xovena.Bereo@upc.edu,F,44,Germany,"2020-02-13 00:00:00",A,-1
290,Adida,Tsalu,Adida.Tsalu@upc.edu,F,33,Bulgaria,"2020-02-13 00:00:00",A,-1
291,Emelamina,Beran,Emelamina.Beran@upc.edu,F,32,Bulgaria,"2020-02-14 00:00:00",B,-1
292,Cuthagohor,Erianan,Cuthagohor.Erianan@upc.edu,M,31,Bulgaria,"2020-02-14 00:00:00",A,-1
293,Zubena,Dellarath,Zubena.Dellarath@upc.edu,F,32,Bulgaria,"2020-02-14 00:00:00",A,-1
294,Xylaith,Edronneo,Xylaith.Edronneo@upc.edu,F,28,Bulgaria,"2020-02-14 00:00:00",B,-1
295,Zubadara,Kyressu,Zubadara.Kyressu@upc.edu,F,21,Bulgaria,"2020-02-14 00:00:00",B,-1
296,Salutira,Aereo,Salutira.Aereo@upc.edu,F,23,Bulgaria,"2020-02-14 00:00:00",B,-1
297,Chaloregoneg,Bethu,Chaloregoneg.Bethu@upc.edu,M,28,Bulgaria,"2020-02-14 00:00:00",A,-1
298,Alezor,Arar,Alezor.Arar@upc.edu,M,34,Bulgaria,"2020-02-14 00:00:00",A,-1
299,Velulralaith,Mananar,Velulralaith.Mananar@upc.edu,F,27,Bulgaria,"2020-02-14 00:00:00",B,-1
300,Ulfigrim,Aeran,Ulfigrim.Aeran@upc.edu,M,23,Bulgaria,"2020-02-14 00:00:00",A,-1
301,Chamigokhad,Aressar,Chamigokhad.Aressar@upc.edu,M,30,Bulgaria,"2020-02-14 00:00:00",A,-1
302,Drykath,Danalath,Drykath.Danalath@upc.edu,M,39,Bulgaria,"2020-02-14 00:00:00",A,-1
303,Salorianne,Cutian,Salorianne.Cutian@upc.edu,F,49,Germany,"2020-02-14 00:00:00",B,-1
304,Silanne,Kareo,Silanne.Kareo@upc.edu,F,42,Germany,"2020-02-14 00:00:00",A,-1
305,Porytta,Aressis,Porytta.Aressis@upc.edu,F,49,Germany,"2020-02-14 00:00:00",A,-1
306,Lisuta,Anan,Lisuta.Anan@upc.edu,F,51,Germany,"2020-02-14 00:00:00",A,-1
307,Emimira,Banu,Emimira.Banu@upc.edu,F,40,Italy,"2020-02-14 00:00:00",A,-1
308,Yvavena,Ettaleo,Yvavena.Ettaleo@upc.edu,F,28,Bulgaria,"2020-02-15 00:00:00",B,-1
309,Runonaribers,Betten,Runonaribers.Betten@upc.edu,M,27,Bulgaria,"2020-02-15 00:00:00",B,-1
310,Zatir,Jedai,Zatir.Jedai@upc.edu,M,32,Bulgaria,"2020-02-15 00:00:00",A,-1
311,Zastir,Varen,Zastir.Varen@upc.edu,M,26,Bulgaria,"2020-02-15 00:00:00",A,-1
312,Falogen,Varelai,Falogen.Varelai@upc.edu,M,33,Bulgaria,"2020-02-15 00:00:00",B,-1
313,Halohad,Bethai,Halohad.Bethai@upc.edu,M,29,Bulgaria,"2020-02-15 00:00:00",B,-1
314,Dairodelekath,Arar,Dairodelekath.Arar@upc.edu,M,28,Bulgaria,"2020-02-15 00:00:00",A,-1
315,Lisikira,Yyrenis,Lisikira.Yyrenis@upc.edu,F,29,Bulgaria,"2020-02-15 00:00:00",A,-1
316,Mardubar,Anai,Mardubar.Anai@upc.edu,M,38,Bulgaria,"2020-02-15 00:00:00",A,-1
317,Uryrosin,Ianis,Uryrosin.Ianis@upc.edu,M,34,Bulgaria,"2020-02-15 00:00:00",A,-1
318,Emimibeth,Kurren,Emimibeth.Kurren@upc.edu,F,41,Bulgaria,"2020-02-15 00:00:00",B,-1
319,Isegavena,Ettor,Isegavena.Ettor@upc.edu,F,27,Bulgaria,"2020-02-15 00:00:00",B,-1
320,Huryronik,Ettor,Huryronik.Ettor@upc.edu,M,26,Norway,"2020-02-15 00:00:00",B,-1
321,Gonne,Marian,Gonne.Marian@upc.edu,F,36,Italy,"2020-02-15 00:00:00",A,-1
322,Ivowyn,Cuten,Ivowyn.Cuten@upc.edu,F,25,Italy,"2020-02-15 00:00:00",A,-1
323,Xaniravena,Bananai,Xaniravena.Bananai@upc.edu,F,21,Bulgaria,"2020-02-16 00:00:00",A,-1
324,Xyrawen,Tseressis,Xyrawen.Tseressis@upc.edu,F,34,Bulgaria,"2020-02-16 00:00:00",A,-1
325,Relgyldir,Erelor,Relgyldir.Erelor@upc.edu,M,28,Bulgaria,"2020-02-16 00:00:00",A,-1
326,Relgulendil,Darar,Relgulendil.Darar@upc.edu,M,28,Norway,"2020-02-17 00:00:00",A,-1
327,Eiliniyalle,Aroren,Eiliniyalle.Aroren@upc.edu,F,28,Bulgaria,"2020-02-18 00:00:00",A,-1
328,Getogas,Tsalian,Getogas.Tsalian@upc.edu,M,29,Bulgaria,"2020-02-18 00:00:00",A,-1
329,Hanustir,Varalor,Hanustir.Varalor@upc.edu,M,46,Germany,"2020-02-18 00:00:00",B,-1
330,Polena,Finelen,Polena.Finelen@upc.edu,F,21,Bulgaria,"2020-02-18 00:00:00",B,-1
331,Cuthydufast,Ettath,Cuthydufast.Ettath@upc.edu,M,29,Italy,"2020-02-18 00:00:00",A,-1
332,Beteremina,Dellath,Beteremina.Dellath@upc.edu,F,36,Bulgaria,"2020-02-18 00:00:00",B,-1
333,Boralin,Vaneo,Boralin.Vaneo@upc.edu,M,28,Bulgaria,"2020-02-19 00:00:00",B,-1
334,Garin,Keroror,Garin.Keroror@upc.edu,F,30,Bulgaria,"2020-02-19 00:00:00",A,-1
335,Polalrara,Danonnor,Polalrara.Danonnor@upc.edu,F,27,Bulgaria,"2020-02-19 00:00:00",A,-1
336,Voruldavea,Maressian,Voruldavea.Maressian@upc.edu,F,27,Bulgaria,"2020-02-20 00:00:00",A,-1
337,Voruma,Danor,Voruma.Danor@upc.edu,F,25,Bulgaria,"2020-02-20 00:00:00",B,-1
338,Eleyabeth,Aeralen,Eleyabeth.Aeralen@upc.edu,F,23,Bulgaria,"2020-02-20 00:00:00",A,-1
339,Delyrand,Karelu,Delyrand.Karelu@upc.edu,M,24,Italy,"2020-02-20 00:00:00",B,-1
340,Layuma,Tsirian,Layuma.Tsirian@upc.edu,F,30,Norway,"2020-02-21 00:00:00",B,-1
341,Khelodular,Arenath,Khelodular.Arenath@upc.edu,M,21,Norway,"2020-02-21 00:00:00",A,-1
342,CeNowe,Ianelai,CeNowe.Ianelai@upc.edu,F,26,Norway,"2020-02-21 00:00:00",A,-1
343,Xanewyn,Jedis,Xanewyn.Jedis@upc.edu,F,23,Norway,"2020-02-21 00:00:00",B,-1
344,Alyldil,Yurarath,Alyldil.Yurarath@upc.edu,M,29,Norway,"2020-02-21 00:00:00",A,-1
345,Tulurim,Bararar,Tulurim.Bararar@upc.edu,M,26,Norway,"2020-02-21 00:00:00",A,-1
346,Ivora,Karelar,Ivora.Karelar@upc.edu,F,32,Norway,"2020-02-21 00:00:00",B,-1
347,Xeriba,Kurralar,Xeriba.Kurralar@upc.edu,F,40,Norway,"2020-02-21 00:00:00",A,-1
348,Lisidathra,Finai,Lisidathra.Finai@upc.edu,F,35,Bulgaria,"2020-02-21 00:00:00",B,-1
349,Emelathra,Edralian,Emelathra.Edralian@upc.edu,F,28,Bulgaria,"2020-02-22 00:00:00",B,-1
350,Gliwe,Aeressar,Gliwe.Aeressar@upc.edu,F,47,Germany,"2020-02-23 00:00:00",B,-1
351,Elidhewyn,Aeronnan,Elidhewyn.Aeronnan@upc.edu,F,33,Bulgaria,"2020-02-23 00:00:00",B,-1
352,Xona,Varan,Xona.Varan@upc.edu,F,41,Bulgaria,"2020-02-23 00:00:00",B,-1
353,Bundil,Edroran,Bundil.Edroran@upc.edu,M,26,Greece,"2020-02-25 00:00:00",B,-1
354,Xarivea,Kanath,Xarivea.Kanath@upc.edu,F,36,Greece,"2020-02-25 00:00:00",B,-1
355,Isawe,Edrelor,Isawe.Edrelor@upc.edu,F,25,Greece,"2020-02-25 00:00:00",B,-1
356,Adegalaith,Banai,Adegalaith.Banai@upc.edu,F,24,Greece,"2020-02-25 00:00:00",A,-1
357,Elalewe,Baran,Elalewe.Baran@upc.edu,F,25,Greece,"2020-02-25 00:00:00",B,-1
358,Brenyrain,Banelath,Brenyrain.Banelath@upc.edu,M,29,Greece,"2020-02-25 00:00:00",B,-1
359,Chalidunarig,Kurrarar,Chalidunarig.Kurrarar@upc.edu,M,25,Greece,"2020-02-25 00:00:00",A,-1
360,Eremerim,Varis,Eremerim.Varis@upc.edu,M,21,Greece,"2020-02-25 00:00:00",B,-1
361,Tostir,Beris,Tostir.Beris@upc.edu,M,27,Greece,"2020-02-25 00:00:00",B,-1
362,Alidar,Tsaloreo,Alidar.Tsaloreo@upc.edu,M,31,Greece,"2020-02-25 00:00:00",B,-1
363,Bethytta,Kanath,Bethytta.Kanath@upc.edu,F,26,Greece,"2020-02-25 00:00:00",B,-1
364,Xanuna,Kyrelian,Xanuna.Kyrelian@upc.edu,F,29,Greece,"2020-02-25 00:00:00",A,-1
365,Dragrim,Danaran,Dragrim.Danaran@upc.edu,M,27,Greece,"2020-02-25 00:00:00",B,-1
366,Nerolraba,Betheo,Nerolraba.Betheo@upc.edu,F,24,Greece,"2020-02-25 00:00:00",A,-1
367,Glaravea,Ianai,Glaravea.Ianai@upc.edu,F,21,Greece,"2020-02-25 00:00:00",A,-1
368,Zehell,Cutareo,Zehell.Cutareo@upc.edu,M,23,Greece,"2020-02-25 00:00:00",A,-1
369,Torydin,Aeresseo,Torydin.Aeresseo@upc.edu,M,35,Greece,"2020-02-25 00:00:00",B,-1
370,Vorelekira,Yyrarai,Vorelekira.Yyrarai@upc.edu,F,22,Greece,"2020-02-25 00:00:00",B,-1
371,Emorenor,Vanar,Emorenor.Vanar@upc.edu,F,32,Greece,"2020-02-25 00:00:00",B,-1
372,Gluvena,Edru,Gluvena.Edru@upc.edu,F,57,Germany,"2020-02-25 00:00:00",A,-1
373,Lisykira,Kurronnai,Lisykira.Kurronnai@upc.edu,F,47,Germany,"2020-02-25 00:00:00",B,-1
374,Betavena,Danai,Betavena.Danai@upc.edu,F,29,Italy,"2020-02-25 00:00:00",B,-1
375,Cyrebreth,Arar,Cyrebreth.Arar@upc.edu,F,25,Greece,"2020-02-26 00:00:00",B,-1
376,Zeradraleg,Aeran,Zeradraleg.Aeran@upc.edu,M,25,Greece,"2020-02-26 00:00:00",A,-1
377,Mardurig,Mereo,Mardurig.Mereo@upc.edu,M,27,Greece,"2020-02-26 00:00:00",B,-1
378,Relgulathadin,Yuru,Relgulathadin.Yuru@upc.edu,M,22,Greece,"2020-02-26 00:00:00",B,-1
379,Poradheba,Deran,Poradheba.Deran@upc.edu,F,33,Greece,"2020-02-26 00:00:00",B,-1
380,Betholramina,Deru,Betholramina.Deru@upc.edu,F,31,Greece,"2020-02-26 00:00:00",B,-1
381,Gyriata,Aeressath,Gyriata.Aeressath@upc.edu,F,32,Greece,"2020-02-26 00:00:00",B,-1
382,Mardoroddakath,Jeden,Mardoroddakath.Jeden@upc.edu,M,35,Greece,"2020-02-26 00:00:00",B,-1
383,Radhakhad,Yyrath,Radhakhad.Yyrath@upc.edu,M,36,Greece,"2020-02-26 00:00:00",B,-1
384,Manyrin,Karor,Manyrin.Karor@upc.edu,M,32,Greece,"2020-02-26 00:00:00",B,-1
385,Haruneg,Beralen,Haruneg.Beralen@upc.edu,M,29,Greece,"2020-02-26 00:00:00",B,-1
386,Nereratta,Anenor,Nereratta.Anenor@upc.edu,F,32,Greece,"2020-02-26 00:00:00",A,-1
387,Aerolle,Yuronnis,Aerolle.Yuronnis@upc.edu,F,20,Greece,"2020-02-26 00:00:00",B,-1
388,Zubimiwen,Erarath,Zubimiwen.Erarath@upc.edu,F,29,Greece,"2020-02-26 00:00:00",B,-1
389,Gloralaith,Varis,Gloralaith.Varis@upc.edu,F,22,Greece,"2020-02-26 00:00:00",B,-1
390,Zubeba,Iarressian,Zubeba.Iarressian@upc.edu,F,25,Greece,"2020-02-26 00:00:00",A,-1
391,Gloruwen,Maris,Gloruwen.Maris@upc.edu,F,34,Greece,"2020-02-26 00:00:00",B,-1
392,Emelaraba,Karai,Emelaraba.Karai@upc.edu,F,33,Greece,"2020-02-26 00:00:00",A,-1
393,Dairihad,Daralar,Dairihad.Daralar@upc.edu,M,26,Greece,"2020-02-26 00:00:00",B,-1
394,Urthastir,Jedu,Urthastir.Jedu@upc.edu,M,21,Bulgaria,"2020-02-26 00:00:00",B,-1
395,Hathidig,Manianar,Hathidig.Manianar@upc.edu,M,28,Bulgaria,"2020-02-26 00:00:00",A,-1
396,Bethariayanor,Edris,Bethariayanor.Edris@upc.edu,F,27,Bulgaria,"2020-02-26 00:00:00",B,-1
397,Delirachak,Kanath,Delirachak.Kanath@upc.edu,M,27,Bulgaria,"2020-02-26 00:00:00",B,-1
398,Saloridara,Beronnan,Saloridara.Beronnan@upc.edu,F,37,Italy,"2020-02-26 00:00:00",A,-1
399,Silira,Beris,Silira.Beris@upc.edu,F,34,Greece,"2020-02-27 00:00:00",B,-1
400,Gloryriawyn,Deror,Gloryriawyn.Deror@upc.edu,F,38,Greece,"2020-02-27 00:00:00",A,-1
401,Glyma,Bettu,Glyma.Bettu@upc.edu,F,26,Greece,"2020-02-27 00:00:00",A,-1
402,Galegasus,Miressen,Galegasus.Miressen@upc.edu,M,24,Greece,"2020-02-27 00:00:00",A,-1
403,Glumida,Yuranis,Glumida.Yuranis@upc.edu,F,26,Greece,"2020-02-27 00:00:00",B,-1
404,CeNeth,Ettis,CeNeth.Ettis@upc.edu,F,32,Greece,"2020-02-27 00:00:00",B,-1
405,Earokor,Edreo,Earokor.Edreo@upc.edu,M,31,Greece,"2020-02-27 00:00:00",A,-1
406,Giyamina,Beronnan,Giyamina.Beronnan@upc.edu,F,32,Greece,"2020-02-27 00:00:00",B,-1
407,Elyrenor,Vanor,Elyrenor.Vanor@upc.edu,F,24,Greece,"2020-02-27 00:00:00",A,-1
408,CeNuwen,Illorath,CeNuwen.Illorath@upc.edu,F,21,Greece,"2020-02-27 00:00:00",A,-1
409,Hozor,Aris,Hozor.Aris@upc.edu,M,33,Greece,"2020-02-27 00:00:00",B,-1
410,Turiresus,Vanelis,Turiresus.Vanelis@upc.edu,M,24,Greece,"2020-02-27 00:00:00",B,-1
411,Arytha,Tsirian,Arytha.Tsirian@upc.edu,F,37,Greece,"2020-02-27 00:00:00",B,-1
412,Glalraba,Anai,Glalraba.Anai@upc.edu,F,31,Greece,"2020-02-27 00:00:00",B,-1
413,Toryratir,Kurrelian,Toryratir.Kurrelian@upc.edu,M,27,Greece,"2020-02-27 00:00:00",A,-1
414,Emikira,Ianor,Emikira.Ianor@upc.edu,F,29,Greece,"2020-02-27 00:00:00",B,-1
415,Xeroyawe,Ethar,Xeroyawe.Ethar@upc.edu,F,20,Greece,"2020-02-27 00:00:00",B,-1
416,Cyryta,Erath,Cyryta.Erath@upc.edu,F,36,Greece,"2020-02-27 00:00:00",A,-1
417,Salema,Ettan,Salema.Ettan@upc.edu,F,37,Greece,"2020-02-27 00:00:00",B,-1
418,Yvigaratira,Banor,Yvigaratira.Banor@upc.edu,F,55,Germany,"2020-02-27 00:00:00",A,-1
419,Chamiyafast,Edris,Chamiyafast.Edris@upc.edu,M,41,Germany,"2020-02-27 00:00:00",B,-1
420,Mayissra,Kanai,Mayissra.Kanai@upc.edu,F,43,Germany,"2020-02-27 00:00:00",B,-1
421,Lelehek,Bethian,Lelehek.Bethian@upc.edu,M,29,Bulgaria,"2020-02-27 00:00:00",A,-1
422,Beleruirahell,Ettar,Beleruirahell.Ettar@upc.edu,M,50,Germany,"2020-02-27 00:00:00",A,-1
423,Earalen,Mararen,Earalen.Mararen@upc.edu,M,24,Bulgaria,"2020-02-27 00:00:00",B,-1
424,Bethybrera,Kerath,Bethybrera.Kerath@upc.edu,F,48,Germany,"2020-02-28 00:00:00",B,-1
425,Loraleldir,Maressian,Loraleldir.Maressian@upc.edu,M,44,Germany,"2020-02-28 00:00:00",B,-1
426,Tarrukalthosta,Manath,Tarrukalthosta.Manath@upc.edu,M,45,Germany,"2020-02-28 00:00:00",A,-1
427,Xerildamira,Baror,Xerildamira.Baror@upc.edu,F,26,Bulgaria,"2020-02-28 00:00:00",A,-1
428,Layuth,Tsirian,Layuth.Tsirian@upc.edu,F,28,Greece,"2020-02-28 00:00:00",A,-1
429,Tarrugar,Aerath,Tarrugar.Aerath@upc.edu,M,48,Germany,"2020-02-29 00:00:00",B,-1
430,Daimezilablek,Tseren,Daimezilablek.Tseren@upc.edu,M,52,Germany,"2020-02-29 00:00:00",B,-1
431,Hanugas,Kurrath,Hanugas.Kurrath@upc.edu,M,44,Germany,"2020-02-29 00:00:00",A,-1
432,Belumina,Keralor,Belumina.Keralor@upc.edu,F,40,Bulgaria,"2020-02-29 00:00:00",B,-1
433,Branotar,Kyronnor,Branotar.Kyronnor@upc.edu,M,34,Bulgaria,"2020-02-29 00:00:00",A,-1
434,Ulfeyon,Anath,Ulfeyon.Anath@upc.edu,M,35,Bulgaria,"2020-02-29 00:00:00",A,-1
435,Grinoldir,Maran,Grinoldir.Maran@upc.edu,M,41,Germany,"2020-03-01 00:00:00",A,-1
436,Cyrotha,Bananeo,Cyrotha.Bananeo@upc.edu,F,18,Greece,"2020-03-01 00:00:00",B,-1
437,Terobers,Aerath,Terobers.Aerath@upc.edu,M,28,Bulgaria,"2020-03-02 00:00:00",A,-1
438,Hettidrarand,Mirai,Hettidrarand.Mirai@upc.edu,M,35,Italy,"2020-03-02 00:00:00",B,-1
439,Drarath,Edressian,Drarath.Edressian@upc.edu,M,33,Norway,"2020-03-02 00:00:00",A,-1
440,Erithad,Cuteo,Erithad.Cuteo@upc.edu,M,34,Bulgaria,"2020-03-03 00:00:00",A,-1
441,Cuthidunavor,Keressian,Cuthidunavor.Keressian@upc.edu,M,33,Bulgaria,"2020-03-03 00:00:00",A,-1
442,Torohek,Banian,Torohek.Banian@upc.edu,M,37,Bulgaria,"2020-03-03 00:00:00",A,-1
443,Tarosta,Eru,Tarosta.Eru@upc.edu,M,24,Italy,"2020-03-03 00:00:00",A,-1
444,Ivurikira,Cutanar,Ivurikira.Cutanar@upc.edu,F,50,Germany,"2020-03-03 00:00:00",B,-1
445,Getatar,Dareleo,Getatar.Dareleo@upc.edu,M,29,Italy,"2020-03-04 00:00:00",B,-1
446,Isath,Yurath,Isath.Yurath@upc.edu,F,31,Italy,"2020-03-04 00:00:00",A,-1
447,Emygawyn,Kyrorian,Emygawyn.Kyrorian@upc.edu,F,30,Italy,"2020-03-04 00:00:00",B,-1
448,Amegador,Bettelath,Amegador.Bettelath@upc.edu,M,33,Italy,"2020-03-04 00:00:00",B,-1
449,Neralaith,Meralath,Neralaith.Meralath@upc.edu,F,31,Italy,"2020-03-04 00:00:00",A,-1
450,Dagalathathel,Derenu,Dagalathathel.Derenu@upc.edu,M,29,Italy,"2020-03-04 00:00:00",B,-1
451,Beryrim,Anor,Beryrim.Anor@upc.edu,M,36,Italy,"2020-03-04 00:00:00",B,-1
452,Turuhell,Ianai,Turuhell.Ianai@upc.edu,M,34,Italy,"2020-03-04 00:00:00",A,-1
453,Belesena,Edran,Belesena.Edran@upc.edu,F,31,Italy,"2020-03-04 00:00:00",B,-1
454,Kheloleblek,Jedan,Kheloleblek.Jedan@upc.edu,M,23,Italy,"2020-03-04 00:00:00",A,-1
455,Eilinerawen,Mironnar,Eilinerawen.Mironnar@upc.edu,F,19,Bulgaria,"2020-03-04 00:00:00",B,-1
456,Emeliyada,Illen,Emeliyada.Illen@upc.edu,F,57,Germany,"2020-03-04 00:00:00",A,-1
457,Aeryldamira,Cutu,Aeryldamira.Cutu@upc.edu,F,27,Italy,"2020-03-04 00:00:00",A,-1
458,Erelarasin,Edrarian,Erelarasin.Edrarian@upc.edu,M,26,Italy,"2020-03-04 00:00:00",B,-1
459,Mayoselle,Karorai,Mayoselle.Karorai@upc.edu,F,30,Greece,"2020-03-04 00:00:00",B,-1
460,Runeladil,Bethianen,Runeladil.Bethianen@upc.edu,M,55,Germany,"2020-03-04 00:00:00",A,-1
461,Xaneselle,Derar,Xaneselle.Derar@upc.edu,F,28,Italy,"2020-03-05 00:00:00",B,-1
462,Dairoruilar,Bethian,Dairoruilar.Bethian@upc.edu,M,30,Italy,"2020-03-05 00:00:00",A,-1
463,Bethuvea,Mirianai,Bethuvea.Mirianai@upc.edu,F,29,Italy,"2020-03-05 00:00:00",A,-1
464,Velinn,Keralu,Velinn.Keralu@upc.edu,F,35,Italy,"2020-03-05 00:00:00",B,-1
465,Eremutar,Cutanai,Eremutar.Cutanai@upc.edu,M,24,Italy,"2020-03-05 00:00:00",B,-1
466,Harydig,Beror,Harydig.Beror@upc.edu,M,33,Italy,"2020-03-05 00:00:00",B,-1
467,Aduwe,Jedessan,Aduwe.Jedessan@upc.edu,F,19,Italy,"2020-03-05 00:00:00",B,-1
468,Belastir,Meranar,Belastir.Meranar@upc.edu,M,26,Italy,"2020-03-05 00:00:00",B,-1
469,Brenedontir,Ianelis,Brenedontir.Ianelis@upc.edu,M,25,Italy,"2020-03-05 00:00:00",B,-1
470,Managabar,Daren,Managabar.Daren@upc.edu,M,30,Italy,"2020-03-05 00:00:00",A,-1
471,Borolegen,Banalor,Borolegen.Banalor@upc.edu,M,30,Bulgaria,"2020-03-05 00:00:00",A,-1
472,Earyromindil,Tsirenis,Earyromindil.Tsirenis@upc.edu,M,40,Italy,"2020-03-05 00:00:00",B,-1
473,Korererin,Iananor,Korererin.Iananor@upc.edu,M,29,Bulgaria,"2020-03-05 00:00:00",B,-1
474,Armofang,Karaneo,Armofang.Karaneo@upc.edu,M,26,Italy,"2020-03-05 00:00:00",A,-1
475,Eilinewyn,Daronnath,Eilinewyn.Daronnath@upc.edu,F,44,Germany,"2020-03-05 00:00:00",A,-1
476,Ivaba,Kararu,Ivaba.Kararu@upc.edu,F,30,Italy,"2020-03-06 00:00:00",B,-1
477,Emuletha,Manan,Emuletha.Manan@upc.edu,F,27,Italy,"2020-03-06 00:00:00",B,-1
478,Zaninaritir,Kananan,Zaninaritir.Kananan@upc.edu,M,35,Italy,"2020-03-06 00:00:00",A,-1
479,Faladin,Iarrar,Faladin.Iarrar@upc.edu,M,25,Italy,"2020-03-06 00:00:00",B,-1
480,Betiwyn,Dellen,Betiwyn.Dellen@upc.edu,F,39,Italy,"2020-03-06 00:00:00",B,-1
481,Cyrabrema,Ettor,Cyrabrema.Ettor@upc.edu,F,39,Italy,"2020-03-06 00:00:00",B,-1
482,Zebers,Manian,Zebers.Manian@upc.edu,M,37,Italy,"2020-03-06 00:00:00",B,-1
483,Poritha,Kanenian,Poritha.Kanenian@upc.edu,F,25,Italy,"2020-03-06 00:00:00",A,-1
484,Silaldabeth,Jedoren,Silaldabeth.Jedoren@upc.edu,F,22,Italy,"2020-03-06 00:00:00",A,-1
485,Faluvon,Cutessian,Faluvon.Cutessian@upc.edu,M,24,Italy,"2020-03-06 00:00:00",B,-1
486,Belylebeth,Ianoren,Belylebeth.Ianoren@upc.edu,F,27,Bulgaria,"2020-03-06 00:00:00",B,-1
487,Drarebar,Varu,Drarebar.Varu@upc.edu,M,20,Bulgaria,"2020-03-06 00:00:00",A,-1
488,Borarozilalach,Bethalis,Borarozilalach.Bethalis@upc.edu,M,26,Bulgaria,"2020-03-06 00:00:00",A,-1
489,Mardorodraldil,Kurru,Mardorodraldil.Kurru@upc.edu,M,29,Bulgaria,"2020-03-06 00:00:00",B,-1
490,Glorunor,Yurai,Glorunor.Yurai@upc.edu,F,20,Bulgaria,"2020-03-06 00:00:00",A,-1
491,Radhildir,Ettian,Radhildir.Ettian@upc.edu,M,36,Bulgaria,"2020-03-06 00:00:00",B,-1
492,Isikira,Tserareo,Isikira.Tserareo@upc.edu,F,29,Bulgaria,"2020-03-06 00:00:00",B,-1
493,Falyromiyon,Erareo,Falyromiyon.Erareo@upc.edu,M,35,Bulgaria,"2020-03-06 00:00:00",A,-1
494,Erelyfast,Daneo,Erelyfast.Daneo@upc.edu,M,28,Bulgaria,"2020-03-06 00:00:00",B,-1
495,Erunaridar,Jedu,Erunaridar.Jedu@upc.edu,M,38,Bulgaria,"2020-03-06 00:00:00",B,-1
496,Poruba,Barai,Poruba.Barai@upc.edu,F,36,Bulgaria,"2020-03-06 00:00:00",B,-1
497,Bregentir,Finath,Bregentir.Finath@upc.edu,M,41,Germany,"2020-03-06 00:00:00",A,-1
498,Lisiranne,Kyrelor,Lisiranne.Kyrelor@upc.edu,F,26,Greece,"2020-03-06 00:00:00",A,-1
499,Adydhenn,Illian,Adydhenn.Illian@upc.edu,F,52,Germany,"2020-03-06 00:00:00",A,-1
500,Elenizilagorn,Ethoren,Elenizilagorn.Ethoren@upc.edu,M,37,Italy,"2020-03-07 00:00:00",B,-1
501,Cuthysalach,Banenen,Cuthysalach.Banenen@upc.edu,M,31,Italy,"2020-03-07 00:00:00",A,-1
502,Brenutir,Illenan,Brenutir.Illenan@upc.edu,M,30,Italy,"2020-03-07 00:00:00",B,-1
503,Arthyrain,Meranen,Arthyrain.Meranen@upc.edu,M,34,Italy,"2020-03-07 00:00:00",A,-1
504,Ivasessra,Beren,Ivasessra.Beren@upc.edu,F,29,Italy,"2020-03-07 00:00:00",B,-1
505,Aeriyawyn,Kereo,Aeriyawyn.Kereo@upc.edu,F,31,Italy,"2020-03-07 00:00:00",A,-1
506,Veluma,Vanor,Veluma.Vanor@upc.edu,F,26,Italy,"2020-03-07 00:00:00",A,-1
507,Glitira,Vanian,Glitira.Vanian@upc.edu,F,33,Italy,"2020-03-07 00:00:00",A,-1
508,Erelalebers,Bethelen,Erelalebers.Bethelen@upc.edu,M,31,Italy,"2020-03-07 00:00:00",A,-1
509,Daimidas,Banar,Daimidas.Banar@upc.edu,M,33,Italy,"2020-03-07 00:00:00",A,-1
510,Belymira,Kurraneo,Belymira.Kurraneo@upc.edu,F,29,Bulgaria,"2020-03-07 00:00:00",A,-1
511,Silutha,Tserorian,Silutha.Tserorian@upc.edu,F,24,Bulgaria,"2020-03-07 00:00:00",A,-1
512,Unroyathel,Edraren,Unroyathel.Edraren@upc.edu,M,33,Bulgaria,"2020-03-07 00:00:00",A,-1
513,Sileldamina,Tsalath,Sileldamina.Tsalath@upc.edu,F,18,Bulgaria,"2020-03-07 00:00:00",B,-1
514,Camyndur,Beralu,Camyndur.Beralu@upc.edu,M,25,Bulgaria,"2020-03-07 00:00:00",A,-1
515,Negar,Yyrar,Negar.Yyrar@upc.edu,M,30,Bulgaria,"2020-03-07 00:00:00",A,-1
516,Urthigorarek,Illelath,Urthigorarek.Illelath@upc.edu,M,35,Bulgaria,"2020-03-07 00:00:00",B,-1
517,Lisunne,Karan,Lisunne.Karan@upc.edu,F,37,Bulgaria,"2020-03-07 00:00:00",A,-1
518,Hurimnir,Varanor,Hurimnir.Varanor@upc.edu,M,26,Bulgaria,"2020-03-07 00:00:00",B,-1
519,Bokydoldir,Bethath,Bokydoldir.Bethath@upc.edu,M,25,Bulgaria,"2020-03-07 00:00:00",B,-1
520,Unrikalthogund,Delleo,Unrikalthogund.Delleo@upc.edu,M,29,Bulgaria,"2020-03-07 00:00:00",B,-1
521,Layilenor,Iarrianan,Layilenor.Iarrianan@upc.edu,F,30,Greece,"2020-03-07 00:00:00",A,-1
522,Hanuntir,Danian,Hanuntir.Danian@upc.edu,M,30,Greece,"2020-03-07 00:00:00",A,-1
523,Barugrim,Karoris,Barugrim.Karoris@upc.edu,M,31,Greece,"2020-03-07 00:00:00",B,-1
524,Lisidatta,Barelu,Lisidatta.Barelu@upc.edu,F,28,Greece,"2020-03-07 00:00:00",A,-1
525,Chalorain,Merar,Chalorain.Merar@upc.edu,M,29,Greece,"2020-03-07 00:00:00",A,-1
526,Grinuregodil,Marai,Grinuregodil.Marai@upc.edu,M,31,Greece,"2020-03-07 00:00:00",A,-1
527,Ganik,Vanoren,Ganik.Vanoren@upc.edu,M,34,Greece,"2020-03-07 00:00:00",B,-1
528,Delygayon,Beris,Delygayon.Beris@upc.edu,M,30,Greece,"2020-03-07 00:00:00",B,-1
529,Koradin,Aerenath,Koradin.Aerenath@upc.edu,M,29,Greece,"2020-03-07 00:00:00",B,-1
530,Baretohir,Maris,Baretohir.Maris@upc.edu,M,21,Greece,"2020-03-07 00:00:00",A,-1
531,Beterimira,Edraran,Beterimira.Edraran@upc.edu,F,27,Greece,"2020-03-07 00:00:00",B,-1
532,Gavena,Iananar,Gavena.Iananar@upc.edu,F,26,Greece,"2020-03-07 00:00:00",B,-1
533,Eilinyssra,Kanaleo,Eilinyssra.Kanaleo@upc.edu,F,27,Greece,"2020-03-07 00:00:00",A,-1
534,Chameravon,Anor,Chameravon.Anor@upc.edu,M,29,Greece,"2020-03-07 00:00:00",A,-1
535,Yvara,Finu,Yvara.Finu@upc.edu,F,30,Greece,"2020-03-07 00:00:00",A,-1
536,Duriyadan,Ethianar,Duriyadan.Ethianar@upc.edu,M,40,Greece,"2020-03-07 00:00:00",A,-1
537,Arykalthohad,Illis,Arykalthohad.Illis@upc.edu,M,20,Greece,"2020-03-07 00:00:00",B,-1
538,Aririn,Karen,Aririn.Karen@upc.edu,F,33,Greece,"2020-03-07 00:00:00",B,-1
539,Issotofang,Anar,Issotofang.Anar@upc.edu,M,18,Greece,"2020-03-07 00:00:00",A,-1
540,Tureyadur,Tseror,Tureyadur.Tseror@upc.edu,M,31,Greece,"2020-03-07 00:00:00",B,-1
541,Bokusta,Danaror,Bokusta.Danaror@upc.edu,M,41,Germany,"2020-03-07 00:00:00",A,-1
542,Belynn,Eranan,Belynn.Eranan@upc.edu,F,23,Italy,"2020-03-07 00:00:00",A,-1
543,Xeryth,Eran,Xeryth.Eran@upc.edu,F,25,Bulgaria,"2020-03-07 00:00:00",A,-1
544,Rhihir,Vananor,Rhihir.Vananor@upc.edu,M,25,Bulgaria,"2020-03-08 00:00:00",A,-1
545,Aluthad,Etten,Aluthad.Etten@upc.edu,M,31,Bulgaria,"2020-03-08 00:00:00",A,-1
546,Chalezor,Meraren,Chalezor.Meraren@upc.edu,M,36,Bulgaria,"2020-03-08 00:00:00",A,-1
547,Cyrebretta,Marenath,Cyrebretta.Marenath@upc.edu,F,27,Bulgaria,"2020-03-08 00:00:00",A,-1
548,Hablek,Tsirath,Hablek.Tsirath@upc.edu,M,39,Bulgaria,"2020-03-08 00:00:00",A,-1
549,Dairularach,Ettenath,Dairularach.Ettenath@upc.edu,M,21,Bulgaria,"2020-03-08 00:00:00",A,-1
550,Xeririavena,Aereo,Xeririavena.Aereo@upc.edu,F,31,Bulgaria,"2020-03-08 00:00:00",B,-1
551,Nerigaritha,Karian,Nerigaritha.Karian@upc.edu,F,29,Bulgaria,"2020-03-08 00:00:00",B,-1
552,Gosewyn,Bereo,Gosewyn.Bereo@upc.edu,F,25,Bulgaria,"2020-03-08 00:00:00",A,-1
553,Belizor,Anenis,Belizor.Anenis@upc.edu,M,22,Bulgaria,"2020-03-08 00:00:00",B,-1
554,Camadegas,Mirelor,Camadegas.Mirelor@upc.edu,M,34,Bulgaria,"2020-03-08 00:00:00",B,-1
555,Siledata,Beressian,Siledata.Beressian@upc.edu,F,40,Greece,"2020-03-08 00:00:00",A,-1
556,Manirach,Danis,Manirach.Danis@upc.edu,M,20,Greece,"2020-03-08 00:00:00",B,-1
557,Relgaharachik,Kyran,Relgaharachik.Kyran@upc.edu,M,34,Greece,"2020-03-08 00:00:00",A,-1
558,Barylathachik,Aeraleo,Barylathachik.Aeraleo@upc.edu,M,27,Greece,"2020-03-08 00:00:00",A,-1
559,Falulach,Derath,Falulach.Derath@upc.edu,M,29,Greece,"2020-03-08 00:00:00",A,-1
560,Bethidada,Manelu,Bethidada.Manelu@upc.edu,F,26,Greece,"2020-03-08 00:00:00",B,-1
561,Getidin,Ettath,Getidin.Ettath@upc.edu,M,33,Greece,"2020-03-08 00:00:00",B,-1
562,Yvudann,Anen,Yvudann.Anen@upc.edu,F,27,Greece,"2020-03-08 00:00:00",A,-1
563,Nereth,Ettenai,Nereth.Ettenai@upc.edu,F,37,Greece,"2020-03-08 00:00:00",B,-1
564,Manubar,Tsirianis,Manubar.Tsirianis@upc.edu,M,21,Greece,"2020-03-08 00:00:00",B,-1
565,Emelesetira,Aeroru,Emelesetira.Aeroru@upc.edu,F,31,Greece,"2020-03-08 00:00:00",A,-1
566,Xemira,Cutor,Xemira.Cutor@upc.edu,F,36,Greece,"2020-03-08 00:00:00",B,-1
567,Harirekhad,Illor,Harirekhad.Illor@upc.edu,M,32,Greece,"2020-03-08 00:00:00",B,-1
568,Nerima,Daresseo,Nerima.Daresseo@upc.edu,F,28,Greece,"2020-03-08 00:00:00",B,-1
569,Amygahor,Manenai,Amygahor.Manenai@upc.edu,M,30,Greece,"2020-03-08 00:00:00",A,-1
570,Grinasamnir,Cutath,Grinasamnir.Cutath@upc.edu,M,34,Greece,"2020-03-08 00:00:00",A,-1
571,Anizilavor,Iarren,Anizilavor.Iarren@upc.edu,M,35,Greece,"2020-03-08 00:00:00",A,-1
572,Runugar,Beror,Runugar.Beror@upc.edu,M,31,Greece,"2020-03-08 00:00:00",A,-1
573,Poritha,Beranath,Poritha.Beranath@upc.edu,F,23,Greece,"2020-03-08 00:00:00",A,-1
574,Eremirek,Kyris,Eremirek.Kyris@upc.edu,M,22,Greece,"2020-03-08 00:00:00",A,-1
575,Cyryridhetha,Delleo,Cyryridhetha.Delleo@upc.edu,F,31,Norway,"2020-03-08 00:00:00",A,-1
576,Balygund,Kanor,Balygund.Kanor@upc.edu,M,27,Bulgaria,"2020-03-08 00:00:00",B,-1
577,Emelyra,Dereo,Emelyra.Dereo@upc.edu,F,37,Germany,"2020-03-08 00:00:00",B,-1
578,Veluba,Bareo,Veluba.Bareo@upc.edu,F,34,Bulgaria,"2020-03-08 00:00:00",A,-1
579,Olurain,Karianian,Olurain.Karianian@upc.edu,M,42,Germany,"2020-03-08 00:00:00",A,-1
580,Ragekalthogorn,Aeru,Ragekalthogorn.Aeru@upc.edu,M,27,Bulgaria,"2020-03-09 00:00:00",B,-1
581,Harukhad,Vanu,Harukhad.Vanu@upc.edu,M,28,Bulgaria,"2020-03-09 00:00:00",B,-1
582,Halikaltholach,Darenen,Halikaltholach.Darenen@upc.edu,M,32,Bulgaria,"2020-03-09 00:00:00",A,-1
583,Hathidurim,Edrenath,Hathidurim.Edrenath@upc.edu,M,33,Bulgaria,"2020-03-09 00:00:00",A,-1
584,Beeregohad,Finath,Beeregohad.Finath@upc.edu,M,39,Bulgaria,"2020-03-09 00:00:00",A,-1
585,Zubarewe,Tsalen,Zubarewe.Tsalen@upc.edu,F,24,Bulgaria,"2020-03-09 00:00:00",B,-1
586,CeNethra,Varianu,CeNethra.Varianu@upc.edu,F,24,Bulgaria,"2020-03-09 00:00:00",A,-1
587,Elenatar,Baressan,Elenatar.Baressan@upc.edu,M,39,Bulgaria,"2020-03-09 00:00:00",A,-1
588,Bethigara,Beren,Bethigara.Beren@upc.edu,F,26,Bulgaria,"2020-03-09 00:00:00",A,-1
589,Adyyanne,Finessor,Adyyanne.Finessor@upc.edu,F,39,Bulgaria,"2020-03-09 00:00:00",A,-1
590,Chymas,Bettor,Chymas.Bettor@upc.edu,M,33,Bulgaria,"2020-03-09 00:00:00",B,-1
591,Xirada,Beru,Xirada.Beru@upc.edu,F,26,Greece,"2020-03-09 00:00:00",B,-1
592,Zaldil,Daranai,Zaldil.Daranai@upc.edu,M,32,Greece,"2020-03-09 00:00:00",A,-1
593,Cyrovena,Yyronnen,Cyrovena.Yyronnen@upc.edu,F,25,Greece,"2020-03-09 00:00:00",A,-1
594,Lisidalle,Keren,Lisidalle.Keren@upc.edu,F,39,Greece,"2020-03-09 00:00:00",B,-1
595,Armimas,Mironneo,Armimas.Mironneo@upc.edu,M,31,Greece,"2020-03-09 00:00:00",A,-1
596,Gymira,Varessen,Gymira.Varessen@upc.edu,F,33,Greece,"2020-03-09 00:00:00",A,-1
597,Zubygatha,Darai,Zubygatha.Darai@upc.edu,F,27,Greece,"2020-03-09 00:00:00",A,-1
598,Balyhor,Tsalan,Balyhor.Tsalan@upc.edu,M,29,Greece,"2020-03-09 00:00:00",A,-1
599,Ulfynik,Ethath,Ulfynik.Ethath@upc.edu,M,39,Greece,"2020-03-09 00:00:00",B,-1
600,Islyldatha,Iarrarar,Islyldatha.Iarrarar@upc.edu,F,28,Greece,"2020-03-09 00:00:00",B,-1
601,Yvokira,Vanorai,Yvokira.Vanorai@upc.edu,F,34,Greece,"2020-03-09 00:00:00",B,-1
602,Camedorim,Bethianar,Camedorim.Bethianar@upc.edu,M,36,Greece,"2020-03-09 00:00:00",A,-1
603,Veluba,Daralan,Veluba.Daralan@upc.edu,F,36,Greece,"2020-03-09 00:00:00",B,-1
604,Goyavea,Jedianu,Goyavea.Jedianu@upc.edu,F,29,Greece,"2020-03-09 00:00:00",B,-1
605,Velonor,Kanis,Velonor.Kanis@upc.edu,F,29,Greece,"2020-03-09 00:00:00",A,-1
606,Ulfiromitar,Jedu,Ulfiromitar.Jedu@upc.edu,M,25,Greece,"2020-03-09 00:00:00",A,-1
607,Korigororach,Illanai,Korigororach.Illanai@upc.edu,M,39,Greece,"2020-03-09 00:00:00",A,-1
608,Earotoyon,Miressu,Earotoyon.Miressu@upc.edu,M,25,Greece,"2020-03-09 00:00:00",B,-1
609,Adunne,Kyran,Adunne.Kyran@upc.edu,F,23,Greece,"2020-03-09 00:00:00",A,-1
610,Radhedoneg,Edranu,Radhedoneg.Edranu@upc.edu,M,33,Greece,"2020-03-09 00:00:00",A,-1
611,Layaretta,Kananen,Layaretta.Kananen@upc.edu,F,29,Norway,"2020-03-09 00:00:00",B,-1
612,Eleda,Ethar,Eleda.Ethar@upc.edu,F,39,Norway,"2020-03-09 00:00:00",A,-1
613,Cyrynne,Tsirian,Cyrynne.Tsirian@upc.edu,F,21,Norway,"2020-03-09 00:00:00",A,-1
614,Bokidradan,Kurrelu,Bokidradan.Kurrelu@upc.edu,M,27,Norway,"2020-03-09 00:00:00",B,-1
615,Nerywe,Yyressath,Nerywe.Yyressath@upc.edu,F,29,Norway,"2020-03-09 00:00:00",A,-1
616,Yarudrahor,Kyris,Yarudrahor.Kyris@upc.edu,M,33,Norway,"2020-03-09 00:00:00",A,-1
617,Aereldanne,Varor,Aereldanne.Varor@upc.edu,F,21,Italy,"2020-03-09 00:00:00",B,-1
618,Elylebeth,Jedarar,Elylebeth.Jedarar@upc.edu,F,33,Greece,"2020-03-09 00:00:00",A,-1
619,Korerab,Edreo,Korerab.Edreo@upc.edu,M,36,Greece,"2020-03-09 00:00:00",B,-1
620,Dresarath,Kanu,Dresarath.Kanu@upc.edu,M,36,Bulgaria,"2020-03-09 00:00:00",A,-1
621,Toregund,Finessen,Toregund.Finessen@upc.edu,M,34,Norway,"2020-03-10 00:00:00",A,-1
622,Layurivena,Mirenen,Layurivena.Mirenen@upc.edu,F,29,Norway,"2020-03-10 00:00:00",B,-1
623,Nerawen,Dellonnath,Nerawen.Dellonnath@upc.edu,F,20,Norway,"2020-03-10 00:00:00",B,-1
624,Kigar,Baranu,Kigar.Baranu@upc.edu,M,37,Norway,"2020-03-10 00:00:00",A,-1
625,Manirain,Danai,Manirain.Danai@upc.edu,M,22,Norway,"2020-03-10 00:00:00",B,-1
626,Nerubrelaith,Erenai,Nerubrelaith.Erenai@upc.edu,F,27,Norway,"2020-03-10 00:00:00",B,-1
627,Camyregodunarak,Iarru,Camyregodunarak.Iarru@upc.edu,M,37,Bulgaria,"2020-03-10 00:00:00",A,-1
628,Layolaith,Danath,Layolaith.Danath@upc.edu,F,47,Germany,"2020-03-10 00:00:00",B,-1
629,Emeladheth,Banian,Emeladheth.Banian@upc.edu,F,22,Bulgaria,"2020-03-10 00:00:00",A,-1
630,Adimina,Meranu,Adimina.Meranu@upc.edu,F,26,Bulgaria,"2020-03-10 00:00:00",B,-1
631,Dryleg,Illaleo,Dryleg.Illaleo@upc.edu,M,33,Norway,"2020-03-11 00:00:00",A,-1
632,Glirarewe,Arelis,Glirarewe.Arelis@upc.edu,F,26,Norway,"2020-03-11 00:00:00",B,-1
633,Runubar,Ianonnai,Runubar.Ianonnai@upc.edu,M,31,Norway,"2020-03-11 00:00:00",A,-1
634,Zanasathel,Edrar,Zanasathel.Edrar@upc.edu,M,33,Norway,"2020-03-11 00:00:00",B,-1
635,Brenerand,Derai,Brenerand.Derai@upc.edu,M,40,Norway,"2020-03-11 00:00:00",B,-1
636,Xovea,Bethai,Xovea.Bethai@upc.edu,F,31,Norway,"2020-03-11 00:00:00",A,-1
637,Borigoleg,Deris,Borigoleg.Deris@upc.edu,M,23,Norway,"2020-03-11 00:00:00",B,-1
638,Alyzilakor,Tseru,Alyzilakor.Tseru@upc.edu,M,28,Norway,"2020-03-11 00:00:00",A,-1
639,Emelata,Dellian,Emelata.Dellian@upc.edu,F,27,Greece,"2020-03-11 00:00:00",A,-1
640,Bethoth,Anar,Bethoth.Anar@upc.edu,F,35,Italy,"2020-03-11 00:00:00",A,-1
641,Salorathra,Derai,Salorathra.Derai@upc.edu,F,33,Norway,"2020-03-12 00:00:00",A,-1
642,Toriredan,Tsalar,Toriredan.Tsalar@upc.edu,M,27,Norway,"2020-03-12 00:00:00",A,-1
643,Brenosus,Cutenis,Brenosus.Cutenis@upc.edu,M,32,Italy,"2020-03-12 00:00:00",B,-1
644,Hathidrafast,Aerenath,Hathidrafast.Aerenath@upc.edu,M,28,Greece,"2020-03-12 00:00:00",A,-1
645,Earygrim,Edru,Earygrim.Edru@upc.edu,M,33,Italy,"2020-03-12 00:00:00",A,-1
646,Zanygorach,Tserenen,Zanygorach.Tserenen@upc.edu,M,26,Norway,"2020-03-13 00:00:00",A,-1
647,Aruwe,Aerelan,Aruwe.Aerelan@upc.edu,F,30,Norway,"2020-03-13 00:00:00",B,-1
648,Gilykalthorak,Manalu,Gilykalthorak.Manalu@upc.edu,M,33,Bulgaria,"2020-03-13 00:00:00",B,-1
649,Urthodin,Bethareo,Urthodin.Bethareo@upc.edu,M,37,Bulgaria,"2020-03-13 00:00:00",B,-1
650,Beledhena,Kanalu,Beledhena.Kanalu@upc.edu,F,33,Italy,"2020-03-13 00:00:00",B,-1
651,Relgubers,Tsalianen,Relgubers.Tsalianen@upc.edu,M,33,Bulgaria,"2020-03-13 00:00:00",A,-1
652,Gevea,Tserorar,Gevea.Tserorar@upc.edu,F,39,Bulgaria,"2020-03-13 00:00:00",B,-1
653,Velata,Danianan,Velata.Danianan@upc.edu,F,20,Norway,"2020-03-13 00:00:00",A,-1
654,Duvoyasin,Anaran,Duvoyasin.Anaran@upc.edu,M,36,Norway,"2020-03-14 00:00:00",B,-1
655,Siluthra,Aeralar,Siluthra.Aeralar@upc.edu,F,25,Norway,"2020-03-14 00:00:00",A,-1
656,Layyra,Ianu,Layyra.Ianu@upc.edu,F,26,Bulgaria,"2020-03-14 00:00:00",A,-1
657,Rholar,Miranan,Rholar.Miranan@upc.edu,M,28,Greece,"2020-03-14 00:00:00",A,-1
658,Isara,Finath,Isara.Finath@upc.edu,F,30,Bulgaria,"2020-03-14 00:00:00",A,-1
659,Aerukhad,Mironnen,Aerukhad.Mironnen@upc.edu,M,28,Italy,"2020-03-14 00:00:00",B,-1
660,Xerilravea,Yyru,Xerilravea.Yyru@upc.edu,F,31,Bulgaria,"2020-03-15 00:00:00",A,-1
661,Yvariada,Bettan,Yvariada.Bettan@upc.edu,F,30,Italy,"2020-03-15 00:00:00",B,-1
662,Lisebeth,Mirar,Lisebeth.Mirar@upc.edu,F,41,Italy,"2020-03-15 00:00:00",A,-1
663,Cyryvea,Darar,Cyryvea.Darar@upc.edu,F,37,Norway,"2020-03-15 00:00:00",A,-1
664,Hararuirim,Arar,Hararuirim.Arar@upc.edu,M,33,Greece,"2020-03-15 00:00:00",A,-1
665,Cuthedar,Tseroran,Cuthedar.Tseroran@upc.edu,M,36,Bulgaria,"2020-03-16 00:00:00",B,-1
666,Eloda,Illonneo,Eloda.Illonneo@upc.edu,F,34,Bulgaria,"2020-03-16 00:00:00",A,-1
667,Emigabeth,Bettarai,Emigabeth.Bettarai@upc.edu,F,45,Germany,"2020-03-16 00:00:00",B,-1
668,Brenykath,Deronnian,Brenykath.Deronnian@upc.edu,M,51,Germany,"2020-03-16 00:00:00",B,-1
669,Khelytar,Beressu,Khelytar.Beressu@upc.edu,M,52,Germany,"2020-03-17 00:00:00",A,-1
670,Layuth,Karu,Layuth.Karu@upc.edu,F,40,Greece,"2020-03-17 00:00:00",B,-1
671,Adiletha,Jedan,Adiletha.Jedan@upc.edu,F,34,Bulgaria,"2020-03-18 00:00:00",A,-1
672,Areharakath,Yuren,Areharakath.Yuren@upc.edu,M,27,Bulgaria,"2020-03-18 00:00:00",B,-1
673,Dagylathachik,Ianalath,Dagylathachik.Ianalath@upc.edu,M,28,Italy,"2020-03-18 00:00:00",B,-1
674,Gynn,Jedesseo,Gynn.Jedesseo@upc.edu,F,24,Italy,"2020-03-18 00:00:00",B,-1
675,Hanurostir,Danath,Hanurostir.Danath@upc.edu,M,19,Norway,"2020-03-18 00:00:00",B,-1
676,Xeriyawen,Danis,Xeriyawen.Danis@upc.edu,F,30,Italy,"2020-03-18 00:00:00",B,-1
677,Kavon,Ettaren,Kavon.Ettaren@upc.edu,M,25,Bulgaria,"2020-03-19 00:00:00",B,-1
678,Kudedor,Aeressan,Kudedor.Aeressan@upc.edu,M,25,Bulgaria,"2020-03-19 00:00:00",B,-1
679,Aribeth,Bethanu,Aribeth.Bethanu@upc.edu,F,26,Bulgaria,"2020-03-19 00:00:00",B,-1
680,Hanodir,Meru,Hanodir.Meru@upc.edu,M,32,Bulgaria,"2020-03-19 00:00:00",B,-1
681,Vorurelaith,Kyralen,Vorurelaith.Kyralen@upc.edu,F,30,Bulgaria,"2020-03-19 00:00:00",A,-1
682,Eilinara,Ianar,Eilinara.Ianar@upc.edu,F,36,Bulgaria,"2020-03-19 00:00:00",B,-1
683,Emuwe,Ethelis,Emuwe.Ethelis@upc.edu,F,35,Bulgaria,"2020-03-19 00:00:00",A,-1
684,Dradunantir,Ianen,Dradunantir.Ianen@upc.edu,M,31,Bulgaria,"2020-03-19 00:00:00",B,-1
685,Xanura,Illis,Xanura.Illis@upc.edu,F,36,Bulgaria,"2020-03-19 00:00:00",A,-1
686,Bethith,Yurianan,Bethith.Yurianan@upc.edu,F,35,Bulgaria,"2020-03-19 00:00:00",B,-1
687,Aerigorn,Kanar,Aerigorn.Kanar@upc.edu,M,40,Bulgaria,"2020-03-19 00:00:00",B,-1
688,Silylaith,Manianis,Silylaith.Manianis@upc.edu,F,27,Bulgaria,"2020-03-19 00:00:00",A,-1
689,Lisumira,Ianai,Lisumira.Ianai@upc.edu,F,40,Bulgaria,"2020-03-19 00:00:00",A,-1
690,Eremiraruitar,Aeror,Eremiraruitar.Aeror@upc.edu,M,25,Bulgaria,"2020-03-19 00:00:00",A,-1
691,Islinor,Baru,Islinor.Baru@upc.edu,F,28,Bulgaria,"2020-03-19 00:00:00",A,-1
692,Poryseda,Beroris,Poryseda.Beroris@upc.edu,F,31,Bulgaria,"2020-03-19 00:00:00",A,-1
693,Xanima,Aerianen,Xanima.Aerianen@upc.edu,F,35,Bulgaria,"2020-03-19 00:00:00",B,-1
694,Tulosin,Cutessu,Tulosin.Cutessu@upc.edu,M,20,Bulgaria,"2020-03-19 00:00:00",B,-1
695,Draneg,Aren,Draneg.Aren@upc.edu,M,26,Bulgaria,"2020-03-19 00:00:00",A,-1
696,Bethoriawen,Banu,Bethoriawen.Banu@upc.edu,F,39,Bulgaria,"2020-03-19 00:00:00",B,-1
697,Ivosewyn,Vanor,Ivosewyn.Vanor@upc.edu,F,34,Bulgaria,"2020-03-19 00:00:00",A,-1
698,Eilineldamira,Tsirar,Eilineldamira.Tsirar@upc.edu,F,35,Bulgaria,"2020-03-19 00:00:00",A,-1
699,Bokorab,Iarror,Bokorab.Iarror@upc.edu,M,30,Bulgaria,"2020-03-19 00:00:00",B,-1
700,Mardorerak,Varalai,Mardorerak.Varalai@upc.edu,M,24,Bulgaria,"2020-03-19 00:00:00",B,-1
701,Lisilaith,Manar,Lisilaith.Manar@upc.edu,F,32,Bulgaria,"2020-03-19 00:00:00",A,-1
702,Eilinerata,Iarrai,Eilinerata.Iarrai@upc.edu,F,32,Bulgaria,"2020-03-19 00:00:00",B,-1
703,Zubuma,Ianath,Zubuma.Ianath@upc.edu,F,25,Bulgaria,"2020-03-19 00:00:00",B,-1
704,Buthel,Meris,Buthel.Meris@upc.edu,M,31,Bulgaria,"2020-03-19 00:00:00",B,-1
705,Baleduhell,Danu,Baleduhell.Danu@upc.edu,M,18,Bulgaria,"2020-03-19 00:00:00",A,-1
706,Ivama,Miror,Ivama.Miror@upc.edu,F,32,Bulgaria,"2020-03-19 00:00:00",B,-1
707,Elenerion,Dellar,Elenerion.Dellar@upc.edu,M,38,Bulgaria,"2020-03-19 00:00:00",A,-1
708,Relgandur,Bethu,Relgandur.Bethu@upc.edu,M,27,Bulgaria,"2020-03-19 00:00:00",A,-1
709,Zubymille,Varis,Zubymille.Varis@upc.edu,F,37,Bulgaria,"2020-03-19 00:00:00",A,-1
710,Raguran,Iarror,Raguran.Iarror@upc.edu,M,28,Bulgaria,"2020-03-19 00:00:00",B,-1
711,Neretira,Cutor,Neretira.Cutor@upc.edu,F,30,Bulgaria,"2020-03-19 00:00:00",A,-1
712,Isykira,Keran,Isykira.Keran@upc.edu,F,23,Bulgaria,"2020-03-19 00:00:00",A,-1
713,Hanyldil,Ethis,Hanyldil.Ethis@upc.edu,M,29,Bulgaria,"2020-03-19 00:00:00",A,-1
714,Getaldil,Yyralai,Getaldil.Yyralai@upc.edu,M,24,Bulgaria,"2020-03-19 00:00:00",B,-1
715,Urilerion,Delloren,Urilerion.Delloren@upc.edu,M,23,Bulgaria,"2020-03-19 00:00:00",B,-1
716,Urtharomidan,Tsalianar,Urtharomidan.Tsalianar@upc.edu,M,28,Bulgaria,"2020-03-19 00:00:00",A,-1
717,Saluda,Derar,Saluda.Derar@upc.edu,F,28,Bulgaria,"2020-03-19 00:00:00",A,-1
718,Hettechik,Banar,Hettechik.Banar@upc.edu,M,26,Bulgaria,"2020-03-19 00:00:00",B,-1
719,Gulle,Betten,Gulle.Betten@upc.edu,F,29,Bulgaria,"2020-03-19 00:00:00",B,-1
720,Camysta,Yurian,Camysta.Yurian@upc.edu,M,29,Bulgaria,"2020-03-19 00:00:00",A,-1
721,Dagodar,Merai,Dagodar.Merai@upc.edu,M,32,Bulgaria,"2020-03-19 00:00:00",B,-1
722,Eilininn,Banor,Eilininn.Banor@upc.edu,F,31,Bulgaria,"2020-03-19 00:00:00",A,-1
723,Gawe,Edrelu,Gawe.Edrelu@upc.edu,F,34,Bulgaria,"2020-03-19 00:00:00",B,-1
724,Ivulekira,Bettalian,Ivulekira.Bettalian@upc.edu,F,37,Bulgaria,"2020-03-19 00:00:00",B,-1
725,Glorowen,Tsalu,Glorowen.Tsalu@upc.edu,F,35,Bulgaria,"2020-03-19 00:00:00",B,-1
726,Deligochak,Daror,Deligochak.Daror@upc.edu,M,30,Bulgaria,"2020-03-19 00:00:00",A,-1
727,Hanuntir,Cutorath,Hanuntir.Cutorath@upc.edu,M,30,Bulgaria,"2020-03-19 00:00:00",A,-1
728,Alilarain,Bethen,Alilarain.Bethen@upc.edu,M,27,Bulgaria,"2020-03-19 00:00:00",B,-1
729,Adalrada,Banen,Adalrada.Banen@upc.edu,F,22,Bulgaria,"2020-03-19 00:00:00",A,-1
730,Elenyhir,Karai,Elenyhir.Karai@upc.edu,M,32,Bulgaria,"2020-03-19 00:00:00",B,-1
731,Unriyatir,Bethorai,Unriyatir.Bethorai@upc.edu,M,29,Bulgaria,"2020-03-19 00:00:00",B,-1
732,Bichik,Iarranor,Bichik.Iarranor@upc.edu,M,36,Bulgaria,"2020-03-19 00:00:00",B,-1
733,Tarruromidor,Maris,Tarruromidor.Maris@upc.edu,M,29,Bulgaria,"2020-03-19 00:00:00",A,-1
734,Xyvena,Yyranai,Xyvena.Yyranai@upc.edu,F,21,Bulgaria,"2020-03-19 00:00:00",B,-1
735,Chalaldir,Beranath,Chalaldir.Beranath@upc.edu,M,40,Bulgaria,"2020-03-19 00:00:00",A,-1
736,Emukira,Analai,Emukira.Analai@upc.edu,F,34,Bulgaria,"2020-03-19 00:00:00",A,-1
737,Belodalaith,Etteo,Belodalaith.Etteo@upc.edu,F,30,Bulgaria,"2020-03-19 00:00:00",A,-1
738,Dairuthel,Varen,Dairuthel.Varen@upc.edu,M,26,Bulgaria,"2020-03-19 00:00:00",A,-1
739,Ululeg,Ianonnen,Ululeg.Ianonnen@upc.edu,M,22,Bulgaria,"2020-03-19 00:00:00",A,-1
740,Borintir,Vanai,Borintir.Vanai@upc.edu,M,32,Bulgaria,"2020-03-19 00:00:00",A,-1
741,Radhydir,Anis,Radhydir.Anis@upc.edu,M,32,Bulgaria,"2020-03-19 00:00:00",B,-1
742,Haruhad,Bethonnar,Haruhad.Bethonnar@upc.edu,M,39,Bulgaria,"2020-03-19 00:00:00",B,-1
743,Xaninne,Iarrar,Xaninne.Iarrar@upc.edu,F,29,Bulgaria,"2020-03-19 00:00:00",B,-1
744,Gorildil,Finanan,Gorildil.Finanan@upc.edu,M,34,Bulgaria,"2020-03-19 00:00:00",A,-1
745,Mysadas,Yurarian,Mysadas.Yurarian@upc.edu,M,28,Bulgaria,"2020-03-19 00:00:00",B,-1
746,Ulfigar,Kyranar,Ulfigar.Kyranar@upc.edu,M,31,Bulgaria,"2020-03-19 00:00:00",A,-1
747,Isewyn,Kyroren,Isewyn.Kyroren@upc.edu,F,25,Bulgaria,"2020-03-19 00:00:00",A,-1
748,Bororoddavon,Maneo,Bororoddavon.Maneo@upc.edu,M,39,Bulgaria,"2020-03-19 00:00:00",A,-1
749,Lisumira,Kerath,Lisumira.Kerath@upc.edu,F,37,Bulgaria,"2020-03-19 00:00:00",B,-1
750,Islanne,Edressan,Islanne.Edressan@upc.edu,F,30,Bulgaria,"2020-03-19 00:00:00",A,-1
751,Hoyayon,Barelu,Hoyayon.Barelu@upc.edu,M,33,Bulgaria,"2020-03-19 00:00:00",A,-1
752,Chalekalthogund,Illor,Chalekalthogund.Illor@upc.edu,M,32,Bulgaria,"2020-03-19 00:00:00",B,-1
753,Isina,Jedu,Isina.Jedu@upc.edu,F,19,Bulgaria,"2020-03-19 00:00:00",A,-1
754,Bethotta,Kanian,Bethotta.Kanian@upc.edu,F,33,Bulgaria,"2020-03-19 00:00:00",A,-1
755,Haridir,Yuressu,Haridir.Yuressu@upc.edu,M,32,Bulgaria,"2020-03-19 00:00:00",B,-1
756,Chereneg,Dellanor,Chereneg.Dellanor@upc.edu,M,28,Bulgaria,"2020-03-19 00:00:00",B,-1
757,Betyldatha,Kyroren,Betyldatha.Kyroren@upc.edu,F,34,Bulgaria,"2020-03-19 00:00:00",A,-1
758,Zanugar,Yyronneo,Zanugar.Yyronneo@upc.edu,M,24,Bulgaria,"2020-03-19 00:00:00",B,-1
759,Hafast,Mironnar,Hafast.Mironnar@upc.edu,M,32,Bulgaria,"2020-03-19 00:00:00",B,-1
760,Lisuleta,Etharar,Lisuleta.Etharar@upc.edu,F,28,Bulgaria,"2020-03-19 00:00:00",A,-1
761,Betowe,Iarrorath,Betowe.Iarrorath@upc.edu,F,31,Bulgaria,"2020-03-19 00:00:00",A,-1
762,Zerynarifang,Kanian,Zerynarifang.Kanian@upc.edu,M,24,Bulgaria,"2020-03-19 00:00:00",B,-1
763,Khelerek,Maroris,Khelerek.Maroris@upc.edu,M,40,Bulgaria,"2020-03-19 00:00:00",A,-1
764,Gydil,Aran,Gydil.Aran@upc.edu,M,28,Bulgaria,"2020-03-19 00:00:00",A,-1
765,Yvalaith,Ettianeo,Yvalaith.Ettianeo@upc.edu,F,34,Bulgaria,"2020-03-19 00:00:00",A,-1
766,Velurissra,Tserarar,Velurissra.Tserarar@upc.edu,F,18,Norway,"2020-03-19 00:00:00",A,-1
767,Islona,Kurris,Islona.Kurris@upc.edu,F,30,Bulgaria,"2020-03-19 00:00:00",B,-1
768,Xunn,Marai,Xunn.Marai@upc.edu,F,29,Italy,"2020-03-19 00:00:00",A,-1
769,Nudas,Yurian,Nudas.Yurian@upc.edu,M,37,Greece,"2020-03-19 00:00:00",B,-1
770,Aeriwyn,Marian,Aeriwyn.Marian@upc.edu,F,40,Germany,"2020-03-19 00:00:00",B,-1
771,Ivysewyn,Finoror,Ivysewyn.Finoror@upc.edu,F,27,Bulgaria,"2020-03-19 00:00:00",A,-1
772,Elenufang,Finoru,Elenufang.Finoru@upc.edu,M,25,Bulgaria,"2020-03-20 00:00:00",B,-1
773,Chikan,Etten,Chikan.Etten@upc.edu,M,29,Italy,"2020-03-20 00:00:00",A,-1
774,Elenatar,Meris,Elenatar.Meris@upc.edu,M,33,Greece,"2020-03-20 00:00:00",B,-1
775,Poravea,Kurru,Poravea.Kurru@upc.edu,F,35,Greece,"2020-03-20 00:00:00",B,-1
776,Islyrin,Berian,Islyrin.Berian@upc.edu,F,31,Bulgaria,"2020-03-20 00:00:00",A,-1
777,Hulathadil,Aeroror,Hulathadil.Aeroror@upc.edu,M,33,Bulgaria,"2020-03-21 00:00:00",A,-1
778,Galotir,Bettessan,Galotir.Bettessan@upc.edu,M,25,Greece,"2020-03-21 00:00:00",A,-1
779,Zubilessra,Manonnis,Zubilessra.Manonnis@upc.edu,F,28,Bulgaria,"2020-03-21 00:00:00",B,-1
780,Aeraledas,Mirorai,Aeraledas.Mirorai@upc.edu,M,35,Greece,"2020-03-21 00:00:00",B,-1
781,Torysus,Ianianan,Torysus.Ianianan@upc.edu,M,28,Bulgaria,"2020-03-21 00:00:00",A,-1
782,Deludin,Cutorai,Deludin.Cutorai@upc.edu,M,48,Germany,"2020-03-22 00:00:00",A,-1
783,Barodradir,Aroran,Barodradir.Aroran@upc.edu,M,21,Norway,"2020-03-22 00:00:00",B,-1
784,Belyba,Tsiressar,Belyba.Tsiressar@upc.edu,F,27,Greece,"2020-03-22 00:00:00",A,-1
785,Cyridara,Kyru,Cyridara.Kyru@upc.edu,F,35,Bulgaria,"2020-03-22 00:00:00",A,-1
786,Salokira,Eressu,Salokira.Eressu@upc.edu,F,32,Bulgaria,"2020-03-22 00:00:00",A,-1
787,Turikhad,Jedan,Turikhad.Jedan@upc.edu,M,29,Norway,"2020-03-23 00:00:00",B,-1
788,Betheriatta,Tsalenor,Betheriatta.Tsalenor@upc.edu,F,28,Norway,"2020-03-23 00:00:00",A,-1
789,Ivuta,Edroris,Ivuta.Edroris@upc.edu,F,24,Bulgaria,"2020-03-23 00:00:00",A,-1
790,Zubomikira,Iarrath,Zubomikira.Iarrath@upc.edu,F,28,Italy,"2020-03-23 00:00:00",B,-1
791,Getezor,Deru,Getezor.Deru@upc.edu,M,34,Bulgaria,"2020-03-23 00:00:00",B,-1
792,Hathugund,Cuten,Hathugund.Cuten@upc.edu,M,51,Germany,"2020-03-23 00:00:00",A,-1
793,Cyrurawe,Ereo,Cyrurawe.Ereo@upc.edu,F,30,Italy,"2020-03-23 00:00:00",B,-1
794,Elamina,Ettai,Elamina.Ettai@upc.edu,F,30,Italy,"2020-03-23 00:00:00",B,-1
795,Grinakhad,Kanessai,Grinakhad.Kanessai@upc.edu,M,32,Bulgaria,"2020-03-23 00:00:00",A,-1
796,Galihek,Kyroran,Galihek.Kyroran@upc.edu,M,34,Norway,"2020-03-24 00:00:00",A,-1
797,Xanyra,Illaru,Xanyra.Illaru@upc.edu,F,31,Norway,"2020-03-24 00:00:00",B,-1
798,Branorin,Iarran,Branorin.Iarran@upc.edu,M,33,Bulgaria,"2020-03-24 00:00:00",A,-1
799,Gloragana,Banaris,Gloragana.Banaris@upc.edu,F,30,Italy,"2020-03-24 00:00:00",B,-1
800,Belyhararach,Bettan,Belyhararach.Bettan@upc.edu,M,22,Bulgaria,"2020-03-24 00:00:00",B,-1
801,Cyrelerenne,Finor,Cyrelerenne.Finor@upc.edu,F,21,Greece,"2020-03-24 00:00:00",B,-1
802,Xanyvena,Aeronnath,Xanyvena.Aeronnath@upc.edu,F,18,Greece,"2020-03-24 00:00:00",B,-1
803,Harulathandur,Edronnen,Harulathandur.Edronnen@upc.edu,M,22,Greece,"2020-03-24 00:00:00",B,-1
804,Berothad,Ettu,Berothad.Ettu@upc.edu,M,24,Bulgaria,"2020-03-24 00:00:00",B,-1
805,Urthadir,Danoreo,Urthadir.Danoreo@upc.edu,M,41,Norway,"2020-03-25 00:00:00",A,-1
806,Betowe,Kurroreo,Betowe.Kurroreo@upc.edu,F,37,Norway,"2020-03-25 00:00:00",B,-1
807,Rhuromnir,Kurrianis,Rhuromnir.Kurrianis@upc.edu,M,34,Bulgaria,"2020-03-25 00:00:00",A,-1
808,Gorohir,Edroru,Gorohir.Edroru@upc.edu,M,22,Bulgaria,"2020-03-25 00:00:00",A,-1
809,Mayota,Kanis,Mayota.Kanis@upc.edu,F,21,Bulgaria,"2020-03-25 00:00:00",B,-1
810,Xeriyakira,Aeralian,Xeriyakira.Aeralian@upc.edu,F,38,Bulgaria,"2020-03-25 00:00:00",A,-1
811,Tuluhor,Kurreo,Tuluhor.Kurreo@upc.edu,M,25,Greece,"2020-03-25 00:00:00",A,-1
812,Anizor,Finenis,Anizor.Finenis@upc.edu,M,38,Greece,"2020-03-25 00:00:00",A,-1
813,Grinytovor,Dellai,Grinytovor.Dellai@upc.edu,M,22,Norway,"2020-03-26 00:00:00",B,-1
814,Malasta,Yureo,Malasta.Yureo@upc.edu,M,25,Norway,"2020-03-26 00:00:00",A,-1
815,Bethygadhebeth,Ianar,Bethygadhebeth.Ianar@upc.edu,F,43,Germany,"2020-03-26 00:00:00",B,-1
816,Porille,Baranan,Porille.Baranan@upc.edu,F,34,Italy,"2020-03-26 00:00:00",A,-1
817,Gilylen,Ettalu,Gilylen.Ettalu@upc.edu,M,29,Italy,"2020-03-26 00:00:00",B,-1
818,Neritta,Darai,Neritta.Darai@upc.edu,F,32,Bulgaria,"2020-03-26 00:00:00",A,-1
819,Belossra,Daris,Belossra.Daris@upc.edu,F,49,Germany,"2020-03-27 00:00:00",A,-1
820,Zilamnir,Anor,Zilamnir.Anor@upc.edu,M,53,Germany,"2020-03-27 00:00:00",A,-1
821,Gloribreldavea,Tsalar,Gloribreldavea.Tsalar@upc.edu,F,55,Germany,"2020-03-27 00:00:00",B,-1
822,Bybers,Ianar,Bybers.Ianar@upc.edu,M,25,Italy,"2020-03-27 00:00:00",A,-1
823,Bethevea,Jedor,Bethevea.Jedor@upc.edu,F,39,Bulgaria,"2020-03-28 00:00:00",A,-1
824,Islevea,Edranen,Islevea.Edranen@upc.edu,F,38,Bulgaria,"2020-03-28 00:00:00",B,-1
825,Brodidraldil,Illanu,Brodidraldil.Illanu@upc.edu,M,27,Greece,"2020-03-28 00:00:00",A,-1
826,Nerominn,Aerelen,Nerominn.Aerelen@upc.edu,F,25,Bulgaria,"2020-03-28 00:00:00",A,-1
827,Ivugakira,Aeran,Ivugakira.Aeran@upc.edu,F,39,Germany,"2020-03-28 00:00:00",B,-1
828,Layoriaba,Kyrianis,Layoriaba.Kyrianis@upc.edu,F,55,Germany,"2020-03-28 00:00:00",A,-1
829,Olodil,Ananan,Olodil.Ananan@upc.edu,M,32,Greece,"2020-03-29 00:00:00",B,-1
830,Lisubretta,Finis,Lisubretta.Finis@upc.edu,F,29,Greece,"2020-03-29 00:00:00",A,-1
831,Xayaretta,Ianalu,Xayaretta.Ianalu@upc.edu,F,23,Greece,"2020-03-29 00:00:00",A,-1
832,Mayudheda,Darelan,Mayudheda.Darelan@upc.edu,F,33,Greece,"2020-03-29 00:00:00",A,-1
833,Bokeroddarim,Cutath,Bokeroddarim.Cutath@upc.edu,M,24,Greece,"2020-03-29 00:00:00",A,-1
834,Layabrema,Kyrai,Layabrema.Kyrai@upc.edu,F,31,Greece,"2020-03-29 00:00:00",B,-1
835,Lisynne,Illath,Lisynne.Illath@upc.edu,F,35,Greece,"2020-03-29 00:00:00",A,-1
836,Hundur,Ettianis,Hundur.Ettianis@upc.edu,M,27,Greece,"2020-03-29 00:00:00",A,-1
837,Eluwyn,Illen,Eluwyn.Illen@upc.edu,F,20,Greece,"2020-03-29 00:00:00",A,-1
838,Nerivea,Kyrath,Nerivea.Kyrath@upc.edu,F,38,Greece,"2020-03-29 00:00:00",A,-1
839,Xeroseta,Illorai,Xeroseta.Illorai@upc.edu,F,33,Greece,"2020-03-29 00:00:00",B,-1
840,Zanomadas,Erianar,Zanomadas.Erianar@upc.edu,M,30,Greece,"2020-03-29 00:00:00",A,-1
841,Chalurethad,Deru,Chalurethad.Deru@upc.edu,M,31,Greece,"2020-03-29 00:00:00",B,-1
842,Dagagorn,Vanu,Dagagorn.Vanu@upc.edu,M,27,Greece,"2020-03-29 00:00:00",A,-1
843,Isyrin,Keraneo,Isyrin.Keraneo@upc.edu,F,37,Greece,"2020-03-29 00:00:00",B,-1
844,Layadhekira,Manonnan,Layadhekira.Manonnan@upc.edu,F,33,Greece,"2020-03-29 00:00:00",A,-1
845,Turyldir,Banoris,Turyldir.Banoris@upc.edu,M,25,Greece,"2020-03-29 00:00:00",B,-1
846,Fulagahell,Marath,Fulagahell.Marath@upc.edu,M,23,Greece,"2020-03-29 00:00:00",A,-1
847,Gosenor,Jedianar,Gosenor.Jedianar@upc.edu,F,29,Greece,"2020-03-29 00:00:00",B,-1
848,Layilaith,Bethoren,Layilaith.Bethoren@upc.edu,F,31,Greece,"2020-03-29 00:00:00",B,-1
849,Camelaruikhad,Tsereo,Camelaruikhad.Tsereo@upc.edu,M,37,Italy,"2020-03-29 00:00:00",A,-1
850,Ulystir,Kanen,Ulystir.Kanen@upc.edu,M,36,Italy,"2020-03-29 00:00:00",A,-1
851,Layytta,Deralu,Layytta.Deralu@upc.edu,F,28,Greece,"2020-03-29 00:00:00",B,-1
852,Beothad,Yuressen,Beothad.Yuressen@upc.edu,M,41,Germany,"2020-03-29 00:00:00",A,-1
853,Goyavena,Varian,Goyavena.Varian@upc.edu,F,23,Bulgaria,"2020-03-29 00:00:00",B,-1
854,Issondil,Ianelis,Issondil.Ianelis@upc.edu,M,45,Germany,"2020-03-29 00:00:00",A,-1
855,Ivarina,Kyren,Ivarina.Kyren@upc.edu,F,30,Greece,"2020-03-30 00:00:00",B,-1
856,Uriyadig,Karanis,Uriyadig.Karanis@upc.edu,M,32,Greece,"2020-03-30 00:00:00",B,-1
857,Berygogachak,Cutath,Berygogachak.Cutath@upc.edu,M,34,Greece,"2020-03-30 00:00:00",A,-1
858,Manidor,Mirelis,Manidor.Mirelis@upc.edu,M,26,Greece,"2020-03-30 00:00:00",B,-1
859,Khelirim,Vanai,Khelirim.Vanai@upc.edu,M,26,Greece,"2020-03-30 00:00:00",A,-1
860,Yvemilaith,Kyroran,Yvemilaith.Kyroran@upc.edu,F,26,Greece,"2020-03-30 00:00:00",A,-1
861,Cyrirata,Manar,Cyrirata.Manar@upc.edu,F,23,Greece,"2020-03-30 00:00:00",A,-1
862,Barondil,Karenu,Barondil.Karenu@upc.edu,M,25,Greece,"2020-03-30 00:00:00",B,-1
863,Galidekalthorion,Jedath,Galidekalthorion.Jedath@upc.edu,M,30,Greece,"2020-03-30 00:00:00",A,-1
864,Bokesin,Dellis,Bokesin.Dellis@upc.edu,M,27,Greece,"2020-03-30 00:00:00",B,-1
865,Gluyathra,Daroru,Gluyathra.Daroru@upc.edu,F,34,Greece,"2020-03-30 00:00:00",B,-1
866,Grinesin,Maris,Grinesin.Maris@upc.edu,M,25,Greece,"2020-03-30 00:00:00",B,-1
867,Aribeth,Derar,Aribeth.Derar@upc.edu,F,33,Greece,"2020-03-30 00:00:00",B,-1
868,Gloruda,Bethis,Gloruda.Bethis@upc.edu,F,25,Greece,"2020-03-30 00:00:00",B,-1
869,Gemina,Dereo,Gemina.Dereo@upc.edu,F,34,Greece,"2020-03-30 00:00:00",A,-1
870,Khelonarihor,Dararis,Khelonarihor.Dararis@upc.edu,M,29,Greece,"2020-03-30 00:00:00",A,-1
871,Polyldatira,Vanar,Polyldatira.Vanar@upc.edu,F,27,Greece,"2020-03-30 00:00:00",B,-1
872,Gessra,Tsalian,Gessra.Tsalian@upc.edu,F,30,Greece,"2020-03-30 00:00:00",B,-1
873,Grinuharadil,Berelis,Grinuharadil.Berelis@upc.edu,M,32,Greece,"2020-03-30 00:00:00",A,-1
874,Haroromibar,Tsiresseo,Haroromibar.Tsiresseo@upc.edu,M,28,Greece,"2020-03-30 00:00:00",B,-1
875,Harudorin,Baran,Harudorin.Baran@upc.edu,M,27,Greece,"2020-03-30 00:00:00",A,-1
876,Iveldada,Aronnian,Iveldada.Aronnian@upc.edu,F,28,Greece,"2020-03-30 00:00:00",B,-1
877,Aerelebeth,Yuren,Aerelebeth.Yuren@upc.edu,F,24,Greece,"2020-03-30 00:00:00",A,-1
878,Torayaruirim,Ethian,Torayaruirim.Ethian@upc.edu,M,34,Greece,"2020-03-30 00:00:00",B,-1
879,Emelerebeth,Kurranai,Emelerebeth.Kurranai@upc.edu,F,30,Greece,"2020-03-30 00:00:00",A,-1
880,Eilinulrara,Deranian,Eilinulrara.Deranian@upc.edu,F,33,Greece,"2020-03-30 00:00:00",B,-1
881,Cyriwen,Tserar,Cyriwen.Tserar@upc.edu,F,29,Greece,"2020-03-30 00:00:00",B,-1
882,Xeba,Marian,Xeba.Marian@upc.edu,F,26,Greece,"2020-03-30 00:00:00",A,-1
883,Issudunadas,Baris,Issudunadas.Baris@upc.edu,M,29,Greece,"2020-03-30 00:00:00",A,-1
884,Emelatira,Kerianor,Emelatira.Kerianor@upc.edu,F,40,Greece,"2020-03-30 00:00:00",A,-1
885,Hanadefast,Bethan,Hanadefast.Bethan@upc.edu,M,34,Greece,"2020-03-30 00:00:00",B,-1
886,Xanumira,Kyrath,Xanumira.Kyrath@upc.edu,F,27,Greece,"2020-03-30 00:00:00",B,-1
887,Hathykath,Danarian,Hathykath.Danarian@upc.edu,M,32,Greece,"2020-03-30 00:00:00",B,-1
888,Islutta,Tsiroran,Islutta.Tsiroran@upc.edu,F,26,Greece,"2020-03-30 00:00:00",A,-1
889,Daguzor,Ethan,Daguzor.Ethan@upc.edu,M,34,Bulgaria,"2020-03-30 00:00:00",A,-1
890,Xura,Banoreo,Xura.Banoreo@upc.edu,F,26,Bulgaria,"2020-03-30 00:00:00",B,-1
891,Korista,Vanalen,Korista.Vanalen@upc.edu,M,29,Bulgaria,"2020-03-30 00:00:00",B,-1
892,Unrotoneg,Betteo,Unrotoneg.Betteo@upc.edu,M,50,Germany,"2020-03-30 00:00:00",B,-1
893,Getylin,Cuteo,Getylin.Cuteo@upc.edu,M,22,Greece,"2020-03-31 00:00:00",B,-1
894,Silewyn,Daran,Silewyn.Daran@upc.edu,F,24,Greece,"2020-03-31 00:00:00",B,-1
895,Eilinudabeth,Dellu,Eilinudabeth.Dellu@upc.edu,F,25,Greece,"2020-03-31 00:00:00",B,-1
896,Eilinessra,Ethor,Eilinessra.Ethor@upc.edu,F,28,Greece,"2020-03-31 00:00:00",B,-1
897,Cyrivena,Banan,Cyrivena.Banan@upc.edu,F,36,Greece,"2020-03-31 00:00:00",A,-1
898,Bethylrada,Tsereo,Bethylrada.Tsereo@upc.edu,F,30,Greece,"2020-03-31 00:00:00",B,-1
899,Yvovena,Ettarath,Yvovena.Ettarath@upc.edu,F,18,Greece,"2020-03-31 00:00:00",A,-1
900,Hanadudil,Anaru,Hanadudil.Anaru@upc.edu,M,30,Greece,"2020-03-31 00:00:00",A,-1
901,Elenosalach,Karar,Elenosalach.Karar@upc.edu,M,24,Greece,"2020-03-31 00:00:00",A,-1
902,Glorima,Daran,Glorima.Daran@upc.edu,F,24,Greece,"2020-03-31 00:00:00",B,-1
903,CeNanor,Kanenai,CeNanor.Kanenai@upc.edu,F,31,Greece,"2020-03-31 00:00:00",A,-1
904,Hanidin,Aronnen,Hanidin.Aronnen@upc.edu,M,21,Greece,"2020-03-31 00:00:00",B,-1
905,Hanyrin,Miranath,Hanyrin.Miranath@upc.edu,M,28,Greece,"2020-03-31 00:00:00",A,-1
906,Earoyasta,Yurai,Earoyasta.Yurai@upc.edu,M,24,Greece,"2020-03-31 00:00:00",B,-1
907,Emenn,Erenar,Emenn.Erenar@upc.edu,F,24,Greece,"2020-03-31 00:00:00",A,-1
908,Harohell,Ettu,Harohell.Ettu@upc.edu,M,34,Greece,"2020-03-31 00:00:00",A,-1
909,Salyrelaith,Danaleo,Salyrelaith.Danaleo@upc.edu,F,28,Greece,"2020-03-31 00:00:00",B,-1
910,Yaremador,Kurranor,Yaremador.Kurranor@upc.edu,M,27,Greece,"2020-03-31 00:00:00",A,-1
911,Chalireneg,Kurronnar,Chalireneg.Kurronnar@upc.edu,M,32,Greece,"2020-03-31 00:00:00",A,-1
912,Yvoressra,Berian,Yvoressra.Berian@upc.edu,F,33,Greece,"2020-03-31 00:00:00",B,-1
913,CeNesemira,Maroren,CeNesemira.Maroren@upc.edu,F,29,Greece,"2020-03-31 00:00:00",B,-1
914,Velonor,Aerath,Velonor.Aerath@upc.edu,F,32,Greece,"2020-03-31 00:00:00",B,-1
915,Eruzilarand,Daran,Eruzilarand.Daran@upc.edu,M,20,Greece,"2020-03-31 00:00:00",B,-1
916,CeNivea,Derath,CeNivea.Derath@upc.edu,F,22,Greece,"2020-03-31 00:00:00",B,-1
917,Bethuletira,Illianor,Bethuletira.Illianor@upc.edu,F,29,Greece,"2020-03-31 00:00:00",B,-1
918,Bichik,Banalan,Bichik.Banalan@upc.edu,M,38,Greece,"2020-03-31 00:00:00",A,-1
919,Yvileth,Eroreo,Yvileth.Eroreo@upc.edu,F,25,Greece,"2020-03-31 00:00:00",B,-1
920,Eremudan,Edraren,Eremudan.Edraren@upc.edu,M,30,Greece,"2020-03-31 00:00:00",B,-1
921,Elenegorn,Bettis,Elenegorn.Bettis@upc.edu,M,30,Greece,"2020-03-31 00:00:00",A,-1
922,Loryhararek,Keronnath,Loryhararek.Keronnath@upc.edu,M,18,Greece,"2020-03-31 00:00:00",B,-1
923,Earemnir,Aeronnian,Earemnir.Aeronnian@upc.edu,M,25,Greece,"2020-03-31 00:00:00",A,-1
924,Guneharadan,Vanoran,Guneharadan.Vanoran@upc.edu,M,35,Greece,"2020-03-31 00:00:00",B,-1
925,Lisomima,Mirian,Lisomima.Mirian@upc.edu,F,29,Greece,"2020-03-31 00:00:00",B,-1
926,Gayamina,Bereo,Gayamina.Bereo@upc.edu,F,33,Greece,"2020-03-31 00:00:00",B,-1
927,Arelachak,Banath,Arelachak.Banath@upc.edu,M,38,Bulgaria,"2020-03-31 00:00:00",B,-1
928,Areba,Finaleo,Areba.Finaleo@upc.edu,F,24,Greece,"2020-03-31 00:00:00",A,-1
929,Layann,Danenu,Layann.Danenu@upc.edu,F,36,Greece,"2020-03-31 00:00:00",A,-1
930,Nerariawyn,Arar,Nerariawyn.Arar@upc.edu,F,27,Norway,"2020-03-31 00:00:00",B,-1
931,Poralrara,Jeden,Poralrara.Jeden@upc.edu,F,24,Italy,"2020-03-31 00:00:00",B,-1
932,Elinne,Dellor,Elinne.Dellor@upc.edu,F,24,Greece,"2020-04-01 00:00:00",B,-1
933,Duvesachik,Bethian,Duvesachik.Bethian@upc.edu,M,27,Greece,"2020-04-01 00:00:00",B,-1
934,Cyrivea,Manian,Cyrivea.Manian@upc.edu,F,35,Greece,"2020-04-01 00:00:00",A,-1
935,Chaluleldir,Ethen,Chaluleldir.Ethen@upc.edu,M,36,Greece,"2020-04-01 00:00:00",B,-1
936,Broditir,Varai,Broditir.Varai@upc.edu,M,19,Greece,"2020-04-01 00:00:00",A,-1
937,Torebar,Maru,Torebar.Maru@upc.edu,M,26,Greece,"2020-04-01 00:00:00",A,-1
938,Isotira,Ereo,Isotira.Ereo@upc.edu,F,32,Greece,"2020-04-01 00:00:00",A,-1
939,Drarek,Finareo,Drarek.Finareo@upc.edu,M,25,Greece,"2020-04-01 00:00:00",B,-1
940,Uluhad,Jedonnen,Uluhad.Jedonnen@upc.edu,M,34,Greece,"2020-04-01 00:00:00",A,-1
941,Gorurion,Jedalis,Gorurion.Jedalis@upc.edu,M,37,Greece,"2020-04-01 00:00:00",B,-1
942,Betywe,Illarar,Betywe.Illarar@upc.edu,F,25,Greece,"2020-04-01 00:00:00",A,-1
943,Poruwyn,Vanaris,Poruwyn.Vanaris@upc.edu,F,24,Greece,"2020-04-01 00:00:00",A,-1
944,Silibrelle,Yuralai,Silibrelle.Yuralai@upc.edu,F,32,Greece,"2020-04-01 00:00:00",A,-1
945,Toruldil,Darenu,Toruldil.Darenu@upc.edu,M,25,Greece,"2020-04-01 00:00:00",A,-1
946,Belywe,Ettelar,Belywe.Ettelar@upc.edu,F,28,Norway,"2020-04-01 00:00:00",B,-1
947,Zubyriavena,Berenar,Zubyriavena.Berenar@upc.edu,F,24,Greece,"2020-04-01 00:00:00",B,-1
948,Layevena,Tsalai,Layevena.Tsalai@upc.edu,F,20,Greece,"2020-04-01 00:00:00",A,-1
949,Geda,Tsereo,Geda.Tsereo@upc.edu,F,19,Greece,"2020-04-01 00:00:00",A,-1
950,Voronor,Edran,Voronor.Edran@upc.edu,F,53,Germany,"2020-04-01 00:00:00",B,-1
951,Rageyon,Finalu,Rageyon.Finalu@upc.edu,M,33,Greece,"2020-04-01 00:00:00",A,-1
952,Xanesewen,Miror,Xanesewen.Miror@upc.edu,F,19,Greece,"2020-04-01 00:00:00",B,-1
953,Yviralrathra,Meranen,Yviralrathra.Meranen@upc.edu,F,20,Bulgaria,"2020-04-01 00:00:00",A,-1
954,Cyryna,Varath,Cyryna.Varath@upc.edu,F,27,Bulgaria,"2020-04-01 00:00:00",B,-1
955,Isimina,Anath,Isimina.Anath@upc.edu,F,24,Bulgaria,"2020-04-01 00:00:00",B,-1
956,Betenor,Edralan,Betenor.Edralan@upc.edu,F,25,Bulgaria,"2020-04-01 00:00:00",A,-1
957,Chamudublek,Tsalar,Chamudublek.Tsalar@upc.edu,M,33,Greece,"2020-04-01 00:00:00",B,-1
958,Xama,Ethar,Xama.Ethar@upc.edu,F,32,Greece,"2020-04-02 00:00:00",A,-1
959,Bethawen,Aren,Bethawen.Aren@upc.edu,F,28,Greece,"2020-04-02 00:00:00",B,-1
960,Salynor,Banenen,Salynor.Banenen@upc.edu,F,31,Greece,"2020-04-02 00:00:00",B,-1
961,Chendil,Tsereleo,Chendil.Tsereleo@upc.edu,M,37,Greece,"2020-04-02 00:00:00",B,-1
962,Chalisus,Dareo,Chalisus.Dareo@upc.edu,M,28,Greece,"2020-04-02 00:00:00",A,-1
963,Borymadas,Deralor,Borymadas.Deralor@upc.edu,M,30,Greece,"2020-04-02 00:00:00",B,-1
964,Zostir,Maressen,Zostir.Maressen@upc.edu,M,20,Greece,"2020-04-02 00:00:00",B,-1
965,Cyryrialaith,Vareneo,Cyryrialaith.Vareneo@upc.edu,F,28,Greece,"2020-04-02 00:00:00",A,-1
966,Voruwyn,Daresseo,Voruwyn.Daresseo@upc.edu,F,36,Greece,"2020-04-02 00:00:00",A,-1
967,Fuligar,Dellor,Fuligar.Dellor@upc.edu,M,39,Greece,"2020-04-02 00:00:00",A,-1
968,Adara,Mereo,Adara.Mereo@upc.edu,F,31,Greece,"2020-04-02 00:00:00",A,-1
969,Lisyrevena,Karu,Lisyrevena.Karu@upc.edu,F,38,Greece,"2020-04-02 00:00:00",B,-1
970,Branalach,Baranor,Branalach.Baranor@upc.edu,M,29,Greece,"2020-04-02 00:00:00",B,-1
971,Aerebeth,Vanar,Aerebeth.Vanar@upc.edu,F,24,Greece,"2020-04-02 00:00:00",B,-1
972,Daimekath,Aerar,Daimekath.Aerar@upc.edu,M,34,Bulgaria,"2020-04-02 00:00:00",A,-1
973,Emelinor,Karanis,Emelinor.Karanis@upc.edu,F,24,Bulgaria,"2020-04-02 00:00:00",B,-1
974,Adutira,Tseronneo,Adutira.Tseronneo@upc.edu,F,27,Bulgaria,"2020-04-02 00:00:00",B,-1
975,Adeyamira,Tseralu,Adeyamira.Tseralu@upc.edu,F,38,Bulgaria,"2020-04-02 00:00:00",A,-1
976,Olysadir,Beror,Olysadir.Beror@upc.edu,M,32,Bulgaria,"2020-04-02 00:00:00",A,-1
977,Urthoruindil,Bethalen,Urthoruindil.Bethalen@upc.edu,M,24,Bulgaria,"2020-04-02 00:00:00",B,-1
978,Ivelle,Tsalath,Ivelle.Tsalath@upc.edu,F,39,Bulgaria,"2020-04-02 00:00:00",A,-1
979,Aerolevea,Danan,Aerolevea.Danan@upc.edu,F,29,Bulgaria,"2020-04-02 00:00:00",A,-1
980,Isluma,Banianath,Isluma.Banianath@upc.edu,F,35,Bulgaria,"2020-04-02 00:00:00",A,-1
981,Brenetohad,Tsalar,Brenetohad.Tsalar@upc.edu,M,26,Bulgaria,"2020-04-02 00:00:00",A,-1
982,Zubiminor,Derath,Zubiminor.Derath@upc.edu,F,34,Bulgaria,"2020-04-02 00:00:00",B,-1
983,Ivata,Derian,Ivata.Derian@upc.edu,F,45,Germany,"2020-04-02 00:00:00",B,-1
984,Relgokor,Kyrenai,Relgokor.Kyrenai@upc.edu,M,23,Bulgaria,"2020-04-02 00:00:00",B,-1
985,Bregisin,Danaror,Bregisin.Danaror@upc.edu,M,33,Bulgaria,"2020-04-02 00:00:00",B,-1
986,Aeruldada,Ethu,Aeruldada.Ethu@upc.edu,F,30,Greece,"2020-04-02 00:00:00",B,-1
987,Bokularek,Anian,Bokularek.Anian@upc.edu,M,24,Greece,"2020-04-02 00:00:00",A,-1
988,Lisuldamina,Danonnan,Lisuldamina.Danonnan@upc.edu,F,23,Bulgaria,"2020-04-02 00:00:00",B,-1
989,Islukira,Maru,Islukira.Maru@upc.edu,F,37,Greece,"2020-04-02 00:00:00",A,-1
990,Yarilatharab,Kanai,Yarilatharab.Kanai@upc.edu,M,36,Bulgaria,"2020-04-02 00:00:00",A,-1
991,Haronarigas,Yyranian,Haronarigas.Yyranian@upc.edu,M,20,Bulgaria,"2020-04-02 00:00:00",B,-1
992,Elenayagorn,Aren,Elenayagorn.Aren@upc.edu,M,29,Norway,"2020-04-02 00:00:00",B,-1
993,Adoyana,Danoris,Adoyana.Danoris@upc.edu,F,26,Greece,"2020-04-02 00:00:00",B,-1
994,Armebar,Banan,Armebar.Banan@upc.edu,M,27,Greece,"2020-04-02 00:00:00",A,-1
995,Harakath,Edran,Harakath.Edran@upc.edu,M,29,Bulgaria,"2020-04-03 00:00:00",A,-1
996,Xeririalranne,Ethar,Xeririalranne.Ethar@upc.edu,F,26,Bulgaria,"2020-04-03 00:00:00",B,-1
997,Ivyssra,Jedeo,Ivyssra.Jedeo@upc.edu,F,29,Bulgaria,"2020-04-03 00:00:00",B,-1
998,Islynn,Banessath,Islynn.Banessath@upc.edu,F,21,Bulgaria,"2020-04-03 00:00:00",A,-1
999,Karomivor,Eris,Karomivor.Eris@upc.edu,M,25,Bulgaria,"2020-04-03 00:00:00",B,-1
